id,title,genres,keywords,overview,cast,crew,vote_average,runtime,release_date,popularity,original_language
90001,3 Idiots,"[{""id"": 1, ""name"": ""Comedy""}, {""id"": 2, ""name"": ""Drama""}]","[{""id"": 1, ""name"": ""college""}, {""id"": 2, ""name"": ""friendship""}, {""id"": 3, ""name"": ""engineering""}, {""id"": 4, ""name"": ""education""}]",Two friends search for their long-lost buddy among India's brightest engineering students.,"[{""name"": ""Aamir Khan"", ""character"": """"}, {""name"": ""R. Madhavan"", ""character"": """"}, {""name"": ""Sharman Joshi"", ""character"": """"}]","[{""name"": ""Rajkumar Hirani"", ""job"": ""Director""}]",8.4,170,2009-12-25,85.0,hi
90002,Dangal,"[{""id"": 1, ""name"": ""Drama""}, {""id"": 2, ""name"": ""Sport""}]","[{""id"": 1, ""name"": ""wrestling""}, {""id"": 2, ""name"": ""family""}, {""id"": 3, ""name"": ""feminism""}, {""id"": 4, ""name"": ""biography""}]",Former wrestler trains his daughters to become India's first female wrestling champions.,"[{""name"": ""Aamir Khan"", ""character"": """"}, {""name"": ""Fatima Sana Shaikh"", ""character"": """"}, {""name"": ""Sanya Malhotra"", ""character"": """"}]","[{""name"": ""Nitesh Tiwari"", ""job"": ""Director""}]",8.3,161,2016-12-23,82.0,hi
90003,PK,"[{""id"": 1, ""name"": ""Comedy""}, {""id"": 2, ""name"": ""Drama""}, {""id"": 3, ""name"": ""Sci-Fi""}]","[{""id"": 1, ""name"": ""alien""}, {""id"": 2, ""name"": ""religion""}, {""id"": 3, ""name"": ""satire""}, {""id"": 4, ""name"": ""philosophy""}]",An alien stranded on Earth questions religious dogmas and social norms in India.,"[{""name"": ""Aamir Khan"", ""character"": """"}, {""name"": ""Anushka Sharma"", ""character"": """"}, {""name"": ""Sushant Singh Rajput"", ""character"": """"}]","[{""name"": ""Rajkumar Hirani"", ""job"": ""Director""}]",8.1,153,2014-12-19,72.0,hi
90004,Lagaan,"[{""id"": 1, ""name"": ""Drama""}, {""id"": 2, ""name"": ""Sport""}]","[{""id"": 1, ""name"": ""cricket""}, {""id"": 2, ""name"": ""colonial""}, {""id"": 3, ""name"": ""underdog""}, {""id"": 4, ""name"": ""village""}]",Villagers in British India stake everything on a cricket match against their colonizers.,"[{""name"": ""Aamir Khan"", ""character"": """"}, {""name"": ""Gracy Singh"", ""character"": """"}, {""name"": ""Rachel Shelley"", ""character"": """"}]","[{""name"": ""Ashutosh Gowariker"", ""job"": ""Director""}]",8.1,224,2001-06-15,55.0,hi
90005,Rang De Basanti,"[{""id"": 1, ""name"": ""Drama""}, {""id"": 2, ""name"": ""Thriller""}]","[{""id"": 1, ""name"": ""youth""}, {""id"": 2, ""name"": ""patriotism""}, {""id"": 3, ""name"": ""activism""}, {""id"": 4, ""name"": ""revolution""}]",A documentary filmmaker's project inspires young Indians to fight corruption.,"[{""name"": ""Aamir Khan"", ""character"": """"}, {""name"": ""Siddharth"", ""character"": """"}, {""name"": ""R. Madhavan"", ""character"": """"}]","[{""name"": ""Rakeysh Omprakash Mehra"", ""job"": ""Director""}]",8.1,157,2006-01-26,48.0,hi
90006,Taare Zameen Par,"[{""id"": 1, ""name"": ""Drama""}]","[{""id"": 1, ""name"": ""dyslexia""}, {""id"": 2, ""name"": ""education""}, {""id"": 3, ""name"": ""childhood""}, {""id"": 4, ""name"": ""art""}]",A new art teacher transforms the life of a boy struggling with dyslexia.,"[{""name"": ""Aamir Khan"", ""character"": """"}, {""name"": ""Darsheel Safary"", ""character"": """"}, {""name"": ""Tisca Chopra"", ""character"": """"}]","[{""name"": ""Aamir Khan"", ""job"": ""Director""}]",8.3,165,2007-12-21,52.0,hi
90007,Dilwale Dulhania Le Jayenge,"[{""id"": 1, ""name"": ""Romance""}, {""id"": 2, ""name"": ""Drama""}]","[{""id"": 1, ""name"": ""love""}, {""id"": 2, ""name"": ""family""}, {""id"": 3, ""name"": ""tradition""}, {""id"": 4, ""name"": ""europe""}]",A young couple falls in love on a Europe trip but must win their families' approval.,"[{""name"": ""Shah Rukh Khan"", ""character"": """"}, {""name"": ""Kajol"", ""character"": """"}, {""name"": ""Amrish Puri"", ""character"": """"}]","[{""name"": ""Aditya Chopra"", ""job"": ""Director""}]",7.8,189,1995-10-20,60.0,hi
90008,Swades,"[{""id"": 1, ""name"": ""Drama""}]","[{""id"": 1, ""name"": ""patriotism""}, {""id"": 2, ""name"": ""village""}, {""id"": 3, ""name"": ""development""}, {""id"": 4, ""name"": ""engineer""}]",An NRI scientist returns to India and rediscovers his roots in a rural village.,"[{""name"": ""Shah Rukh Khan"", ""character"": """"}, {""name"": ""Gayatri Joshi"", ""character"": """"}, {""name"": ""Kishori Ballal"", ""character"": """"}]","[{""name"": ""Ashutosh Gowariker"", ""job"": ""Director""}]",8.2,195,2004-12-17,40.0,hi
90009,Chak De! India,"[{""id"": 1, ""name"": ""Drama""}, {""id"": 2, ""name"": ""Sport""}]","[{""id"": 1, ""name"": ""hockey""}, {""id"": 2, ""name"": ""women""}, {""id"": 3, ""name"": ""coach""}, {""id"": 4, ""name"": ""underdogs""}]",A disgraced hockey player coaches the Indian women's team to glory.,"[{""name"": ""Shah Rukh Khan"", ""character"": """"}, {""name"": ""Vidya Malvade"", ""character"": """"}, {""name"": ""Sagarika Ghatge"", ""character"": """"}]","[{""name"": ""Shimit Amin"", ""job"": ""Director""}]",8.0,153,2007-08-10,50.0,hi
90010,My Name Is Khan,"[{""id"": 1, ""name"": ""Drama""}]","[{""id"": 1, ""name"": ""autism""}, {""id"": 2, ""name"": ""islamophobia""}, {""id"": 3, ""name"": ""journey""}, {""id"": 4, ""name"": ""america""}]",A man with Asperger's syndrome sets out on a journey across America to meet the president.,"[{""name"": ""Shah Rukh Khan"", ""character"": """"}, {""name"": ""Kajol"", ""character"": """"}, {""name"": ""Jimmy Shergill"", ""character"": """"}]","[{""name"": ""Karan Johar"", ""job"": ""Director""}]",7.8,165,2010-02-12,55.0,hi
90011,Dil Chahta Hai,"[{""id"": 1, ""name"": ""Comedy""}, {""id"": 2, ""name"": ""Drama""}, {""id"": 3, ""name"": ""Romance""}]","[{""id"": 1, ""name"": ""friendship""}, {""id"": 2, ""name"": ""goa""}, {""id"": 3, ""name"": ""coming-of-age""}, {""id"": 4, ""name"": ""art""}]",Three inseparable childhood friends navigate love and life after college.,"[{""name"": ""Aamir Khan"", ""character"": """"}, {""name"": ""Saif Ali Khan"", ""character"": """"}, {""name"": ""Akshaye Khanna"", ""character"": """"}]","[{""name"": ""Farhan Akhtar"", ""job"": ""Director""}]",7.9,183,2001-08-10,42.0,hi
90012,Zindagi Na Milegi Dobara,"[{""id"": 1, ""name"": ""Adventure""}, {""id"": 2, ""name"": ""Comedy""}, {""id"": 3, ""name"": ""Drama""}]","[{""id"": 1, ""name"": ""road-trip""}, {""id"": 2, ""name"": ""spain""}, {""id"": 3, ""name"": ""friendship""}, {""id"": 4, ""name"": ""self-discovery""}]",Three friends embark on a bachelor trip to Spain that changes their lives forever.,"[{""name"": ""Hrithik Roshan"", ""character"": """"}, {""name"": ""Farhan Akhtar"", ""character"": """"}, {""name"": ""Abhay Deol"", ""character"": """"}]","[{""name"": ""Zoya Akhtar"", ""job"": ""Director""}]",7.9,155,2011-07-15,58.0,hi
90013,Gangs of Wasseypur,"[{""id"": 1, ""name"": ""Crime""}, {""id"": 2, ""name"": ""Drama""}, {""id"": 3, ""name"": ""Thriller""}]","[{""id"": 1, ""name"": ""gangster""}, {""id"": 2, ""name"": ""revenge""}, {""id"": 3, ""name"": ""coal-mafia""}, {""id"": 4, ""name"": ""politics""}]",A saga of coal mafia rivalry spanning three generations in the Indian heartland.,"[{""name"": ""Manoj Bajpayee"", ""character"": """"}, {""name"": ""Nawazuddin Siddiqui"", ""character"": """"}, {""name"": ""Richa Chadha"", ""character"": """"}]","[{""name"": ""Anurag Kashyap"", ""job"": ""Director""}]",8.2,320,2012-06-22,45.0,hi
90014,Barfi!,"[{""id"": 1, ""name"": ""Comedy""}, {""id"": 2, ""name"": ""Drama""}, {""id"": 3, ""name"": ""Romance""}]","[{""id"": 1, ""name"": ""disability""}, {""id"": 2, ""name"": ""love""}, {""id"": 3, ""name"": ""silent""}, {""id"": 4, ""name"": ""innocence""}]",A deaf-mute man's adventures and romantic escapades in Darjeeling.,"[{""name"": ""Ranbir Kapoor"", ""character"": """"}, {""name"": ""Priyanka Chopra"", ""character"": """"}, {""name"": ""Ileana D'Cruz"", ""character"": """"}]","[{""name"": ""Anurag Basu"", ""job"": ""Director""}]",8.1,151,2012-09-14,40.0,hi
90015,Queen,"[{""id"": 1, ""name"": ""Comedy""}, {""id"": 2, ""name"": ""Drama""}]","[{""id"": 1, ""name"": ""empowerment""}, {""id"": 2, ""name"": ""travel""}, {""id"": 3, ""name"": ""europe""}, {""id"": 4, ""name"": ""self-discovery""}]",A jilted bride goes on her honeymoon alone and discovers her independence.,"[{""name"": ""Kangana Ranaut"", ""character"": """"}, {""name"": ""Rajkummar Rao"", ""character"": """"}, {""name"": ""Lisa Haydon"", ""character"": """"}]","[{""name"": ""Vikas Bahl"", ""job"": ""Director""}]",8.2,146,2014-03-07,42.0,hi
90016,Andhadhun,"[{""id"": 1, ""name"": ""Crime""}, {""id"": 2, ""name"": ""Mystery""}, {""id"": 3, ""name"": ""Thriller""}]","[{""id"": 1, ""name"": ""blind""}, {""id"": 2, ""name"": ""pianist""}, {""id"": 3, ""name"": ""murder""}, {""id"": 4, ""name"": ""dark-comedy""}]",A seemingly blind pianist becomes embroiled in a web of murder and deceit.,"[{""name"": ""Ayushmann Khurrana"", ""character"": """"}, {""name"": ""Tabu"", ""character"": """"}, {""name"": ""Radhika Apte"", ""character"": """"}]","[{""name"": ""Sriram Raghavan"", ""job"": ""Director""}]",8.3,139,2018-10-05,65.0,hi
90017,Tumbbad,"[{""id"": 1, ""name"": ""Fantasy""}, {""id"": 2, ""name"": ""Horror""}, {""id"": 3, ""name"": ""Thriller""}]","[{""id"": 1, ""name"": ""mythology""}, {""id"": 2, ""name"": ""greed""}, {""id"": 3, ""name"": ""treasure""}, {""id"": 4, ""name"": ""demon""}]",A man discovers a mythological treasure but must face a terrifying demon to claim it.,"[{""name"": ""Sohum Shah"", ""character"": """"}, {""name"": ""Jyoti Malshe"", ""character"": """"}, {""name"": ""Anita Date"", ""character"": """"}]","[{""name"": ""Rahi Anil Barve"", ""job"": ""Director""}]",8.2,104,2018-10-12,38.0,hi
90018,Article 15,"[{""id"": 1, ""name"": ""Crime""}, {""id"": 2, ""name"": ""Drama""}, {""id"": 3, ""name"": ""Thriller""}]","[{""id"": 1, ""name"": ""caste""}, {""id"": 2, ""name"": ""discrimination""}, {""id"": 3, ""name"": ""investigation""}, {""id"": 4, ""name"": ""justice""}]",A young police officer investigates a case of missing girls in rural India.,"[{""name"": ""Ayushmann Khurrana"", ""character"": """"}, {""name"": ""Nassar"", ""character"": """"}, {""name"": ""Manoj Pahwa"", ""character"": """"}]","[{""name"": ""Anubhav Sinha"", ""job"": ""Director""}]",7.8,130,2019-06-28,35.0,hi
90019,Gully Boy,"[{""id"": 1, ""name"": ""Drama""}, {""id"": 2, ""name"": ""Music""}]","[{""id"": 1, ""name"": ""rap""}, {""id"": 2, ""name"": ""hip-hop""}, {""id"": 3, ""name"": ""poverty""}, {""id"": 4, ""name"": ""dreams""}]",A street rapper from the Mumbai slums rises to fame through his raw talent.,"[{""name"": ""Ranveer Singh"", ""character"": """"}, {""name"": ""Alia Bhatt"", ""character"": """"}, {""name"": ""Siddhant Chaturvedi"", ""character"": """"}]","[{""name"": ""Zoya Akhtar"", ""job"": ""Director""}]",7.9,154,2019-02-14,55.0,hi
90020,Uri: The Surgical Strike,"[{""id"": 1, ""name"": ""Action""}, {""id"": 2, ""name"": ""Drama""}, {""id"": 3, ""name"": ""War""}]","[{""id"": 1, ""name"": ""military""}, {""id"": 2, ""name"": ""terrorism""}, {""id"": 3, ""name"": ""patriotism""}, {""id"": 4, ""name"": ""surgical-strike""}]",Indian special forces carry out a covert operation against militant launch pads.,"[{""name"": ""Vicky Kaushal"", ""character"": """"}, {""name"": ""Yami Gautam"", ""character"": """"}, {""name"": ""Paresh Rawal"", ""character"": """"}]","[{""name"": ""Aditya Dhar"", ""job"": ""Director""}]",7.7,138,2019-01-11,50.0,hi
90021,Super 30,"[{""id"": 1, ""name"": ""Biography""}, {""id"": 2, ""name"": ""Drama""}]","[{""id"": 1, ""name"": ""education""}, {""id"": 2, ""name"": ""underprivileged""}, {""id"": 3, ""name"": ""mathematics""}, {""id"": 4, ""name"": ""teacher""}]",A mathematician mentors 30 underprivileged students for India's toughest entrance exam.,"[{""name"": ""Hrithik Roshan"", ""character"": """"}, {""name"": ""Mrunal Thakur"", ""character"": """"}, {""name"": ""Pankaj Tripathi"", ""character"": """"}]","[{""name"": ""Vikas Bahl"", ""job"": ""Director""}]",7.5,154,2019-07-12,35.0,hi
90022,Bhaag Milkha Bhaag,"[{""id"": 1, ""name"": ""Biography""}, {""id"": 2, ""name"": ""Drama""}, {""id"": 3, ""name"": ""Sport""}]","[{""id"": 1, ""name"": ""running""}, {""id"": 2, ""name"": ""olympics""}, {""id"": 3, ""name"": ""partition""}, {""id"": 4, ""name"": ""biography""}]",The inspiring true story of Indian sprinter Milkha Singh's journey to glory.,"[{""name"": ""Farhan Akhtar"", ""character"": """"}, {""name"": ""Sonam Kapoor"", ""character"": """"}, {""name"": ""Pavan Malhotra"", ""character"": """"}]","[{""name"": ""Rakeysh Omprakash Mehra"", ""job"": ""Director""}]",8.0,186,2013-07-12,42.0,hi
90023,Drishyam,"[{""id"": 1, ""name"": ""Crime""}, {""id"": 2, ""name"": ""Drama""}, {""id"": 3, ""name"": ""Thriller""}]","[{""id"": 1, ""name"": ""murder""}, {""id"": 2, ""name"": ""cover-up""}, {""id"": 3, ""name"": ""family""}, {""id"": 4, ""name"": ""suspense""}]",A man goes to extreme lengths to protect his family from a crime investigation.,"[{""name"": ""Ajay Devgn"", ""character"": """"}, {""name"": ""Shriya Saran"", ""character"": """"}, {""name"": ""Tabu"", ""character"": """"}]","[{""name"": ""Nishikant Kamat"", ""job"": ""Director""}]",8.2,163,2015-07-31,45.0,hi
90024,Bajrangi Bhaijaan,"[{""id"": 1, ""name"": ""Adventure""}, {""id"": 2, ""name"": ""Comedy""}, {""id"": 3, ""name"": ""Drama""}]","[{""id"": 1, ""name"": ""cross-border""}, {""id"": 2, ""name"": ""child""}, {""id"": 3, ""name"": ""pakistan""}, {""id"": 4, ""name"": ""kindness""}]",A simple Indian man takes on the task of reuniting a mute Pakistani girl with her family.,"[{""name"": ""Salman Khan"", ""character"": """"}, {""name"": ""Harshaali Malhotra"", ""character"": """"}, {""name"": ""Nawazuddin Siddiqui"", ""character"": """"}]","[{""name"": ""Kabir Khan"", ""job"": ""Director""}]",8.0,163,2015-07-17,60.0,hi
90025,Raazi,"[{""id"": 1, ""name"": ""Drama""}, {""id"": 2, ""name"": ""Thriller""}]","[{""id"": 1, ""name"": ""spy""}, {""id"": 2, ""name"": ""kashmir""}, {""id"": 3, ""name"": ""war""}, {""id"": 4, ""name"": ""marriage""}]",A Kashmiri woman marries a Pakistani officer to spy for India during the 1971 war.,"[{""name"": ""Alia Bhatt"", ""character"": """"}, {""name"": ""Vicky Kaushal"", ""character"": """"}, {""name"": ""Jaideep Ahlawat"", ""character"": """"}]","[{""name"": ""Meghna Gulzar"", ""job"": ""Director""}]",7.8,138,2018-05-11,42.0,hi
90026,Padmaavat,"[{""id"": 1, ""name"": ""Action""}, {""id"": 2, ""name"": ""Drama""}, {""id"": 3, ""name"": ""Romance""}]","[{""id"": 1, ""name"": ""rajput""}, {""id"": 2, ""name"": ""history""}, {""id"": 3, ""name"": ""war""}, {""id"": 4, ""name"": ""honor""}]",The legendary tale of Queen Padmavati's valor and sacrifice against an invader.,"[{""name"": ""Deepika Padukone"", ""character"": """"}, {""name"": ""Ranveer Singh"", ""character"": """"}, {""name"": ""Shahid Kapoor"", ""character"": """"}]","[{""name"": ""Sanjay Leela Bhansali"", ""job"": ""Director""}]",7.0,164,2018-01-25,48.0,hi
90027,Bajirao Mastani,"[{""id"": 1, ""name"": ""Action""}, {""id"": 2, ""name"": ""Drama""}, {""id"": 3, ""name"": ""Romance""}]","[{""id"": 1, ""name"": ""history""}, {""id"": 2, ""name"": ""warrior""}, {""id"": 3, ""name"": ""love-triangle""}, {""id"": 4, ""name"": ""maratha""}]",The epic love story of Maratha warrior Bajirao I and his second wife Mastani.,"[{""name"": ""Ranveer Singh"", ""character"": """"}, {""name"": ""Deepika Padukone"", ""character"": """"}, {""name"": ""Priyanka Chopra"", ""character"": """"}]","[{""name"": ""Sanjay Leela Bhansali"", ""job"": ""Director""}]",7.2,158,2015-12-18,45.0,hi
90028,Piku,"[{""id"": 1, ""name"": ""Comedy""}, {""id"": 2, ""name"": ""Drama""}]","[{""id"": 1, ""name"": ""father-daughter""}, {""id"": 2, ""name"": ""road-trip""}, {""id"": 3, ""name"": ""constipation""}, {""id"": 4, ""name"": ""family""}]",A quirky father and daughter navigate their complicated relationship on a road trip.,"[{""name"": ""Deepika Padukone"", ""character"": """"}, {""name"": ""Amitabh Bachchan"", ""character"": """"}, {""name"": ""Irrfan Khan"", ""character"": """"}]","[{""name"": ""Shoojit Sircar"", ""job"": ""Director""}]",7.6,123,2015-05-08,38.0,hi
90029,Masaan,"[{""id"": 1, ""name"": ""Drama""}, {""id"": 2, ""name"": ""Romance""}]","[{""id"": 1, ""name"": ""death""}, {""id"": 2, ""name"": ""caste""}, {""id"": 3, ""name"": ""love""}, {""id"": 4, ""name"": ""varanasi""}]",Two stories of love and loss intersect against the backdrop of Varanasi's ghats.,"[{""name"": ""Vicky Kaushal"", ""character"": """"}, {""name"": ""Shweta Tripathi"", ""character"": """"}, {""name"": ""Richa Chadha"", ""character"": """"}]","[{""name"": ""Neeraj Ghaywan"", ""job"": ""Director""}]",8.1,109,2015-07-24,30.0,hi
90030,Udaan,"[{""id"": 1, ""name"": ""Drama""}]","[{""id"": 1, ""name"": ""abuse""}, {""id"": 2, ""name"": ""freedom""}, {""id"": 3, ""name"": ""poetry""}, {""id"": 4, ""name"": ""youth""}]",A young poet battles his tyrannical father after returning from boarding school.,"[{""name"": ""Rajat Barmecha"", ""character"": """"}, {""name"": ""Ronit Roy"", ""character"": """"}, {""name"": ""Aayan Boradia"", ""character"": """"}]","[{""name"": ""Vikramaditya Motwane"", ""job"": ""Director""}]",8.2,134,2010-07-16,25.0,hi
90031,Sholay,"[{""id"": 1, ""name"": ""Action""}, {""id"": 2, ""name"": ""Adventure""}, {""id"": 3, ""name"": ""Drama""}]","[{""id"": 1, ""name"": ""dacoit""}, {""id"": 2, ""name"": ""friendship""}, {""id"": 3, ""name"": ""revenge""}, {""id"": 4, ""name"": ""western""}]",Two petty criminals are hired by a retired cop to capture a vicious bandit.,"[{""name"": ""Amitabh Bachchan"", ""character"": """"}, {""name"": ""Dharmendra"", ""character"": """"}, {""name"": ""Hema Malini"", ""character"": """"}]","[{""name"": ""Ramesh Sippy"", ""job"": ""Director""}]",8.2,204,1975-08-15,50.0,hi
90032,Mother India,"[{""id"": 1, ""name"": ""Drama""}]","[{""id"": 1, ""name"": ""village""}, {""id"": 2, ""name"": ""sacrifice""}, {""id"": 3, ""name"": ""farmer""}, {""id"": 4, ""name"": ""flood""}]",A poverty-stricken woman raises her sons through hardship and moral dilemmas.,"[{""name"": ""Nargis"", ""character"": """"}, {""name"": ""Sunil Dutt"", ""character"": """"}, {""name"": ""Rajendra Kumar"", ""character"": """"}]","[{""name"": ""Mehboob Khan"", ""job"": ""Director""}]",8.0,172,1957-10-25,25.0,hi
90033,Mughal-e-Azam,"[{""id"": 1, ""name"": ""Drama""}, {""id"": 2, ""name"": ""Romance""}]","[{""id"": 1, ""name"": ""history""}, {""id"": 2, ""name"": ""mughal""}, {""id"": 3, ""name"": ""forbidden-love""}, {""id"": 4, ""name"": ""royalty""}]",A Mughal prince falls in love with a court dancer against his emperor father's wishes.,"[{""name"": ""Dilip Kumar"", ""character"": """"}, {""name"": ""Madhubala"", ""character"": """"}, {""name"": ""Prithviraj Kapoor"", ""character"": """"}]","[{""name"": ""K. Asif"", ""job"": ""Director""}]",8.3,197,1960-08-05,28.0,hi
90034,Guide,"[{""id"": 1, ""name"": ""Drama""}, {""id"": 2, ""name"": ""Romance""}]","[{""id"": 1, ""name"": ""spiritual""}, {""id"": 2, ""name"": ""journey""}, {""id"": 3, ""name"": ""transformation""}, {""id"": 4, ""name"": ""love""}]",A tourist guide's life transforms through love and spiritual awakening.,"[{""name"": ""Dev Anand"", ""character"": """"}, {""name"": ""Waheeda Rehman"", ""character"": """"}, {""name"": ""Leela Chitnis"", ""character"": """"}]","[{""name"": ""Vijay Anand"", ""job"": ""Director""}]",8.0,137,1965-02-19,22.0,hi
90035,Pyaasa,"[{""id"": 1, ""name"": ""Drama""}, {""id"": 2, ""name"": ""Romance""}]","[{""id"": 1, ""name"": ""poetry""}, {""id"": 2, ""name"": ""rejection""}, {""id"": 3, ""name"": ""society""}, {""id"": 4, ""name"": ""mortality""}]",An unpublished poet struggles with rejection in a materialistic world.,"[{""name"": ""Guru Dutt"", ""character"": """"}, {""name"": ""Mala Sinha"", ""character"": """"}, {""name"": ""Waheeda Rehman"", ""character"": """"}]","[{""name"": ""Guru Dutt"", ""job"": ""Director""}]",8.5,146,1957-02-22,20.0,hi
90036,Kahaani,"[{""id"": 1, ""name"": ""Mystery""}, {""id"": 2, ""name"": ""Thriller""}]","[{""id"": 1, ""name"": ""pregnant""}, {""id"": 2, ""name"": ""investigation""}, {""id"": 3, ""name"": ""kolkata""}, {""id"": 4, ""name"": ""spy""}]",A pregnant woman searches for her missing husband in the streets of Kolkata.,"[{""name"": ""Vidya Balan"", ""character"": """"}, {""name"": ""Parambrata Chattopadhyay"", ""character"": """"}, {""name"": ""Nawazuddin Siddiqui"", ""character"": """"}]","[{""name"": ""Sujoy Ghosh"", ""job"": ""Director""}]",8.0,122,2012-03-09,40.0,hi
90037,Talaash,"[{""id"": 1, ""name"": ""Mystery""}, {""id"": 2, ""name"": ""Thriller""}]","[{""id"": 1, ""name"": ""investigation""}, {""id"": 2, ""name"": ""supernatural""}, {""id"": 3, ""name"": ""guilt""}, {""id"": 4, ""name"": ""redemption""}]",A police officer investigating a drowning case confronts his own inner demons.,"[{""name"": ""Aamir Khan"", ""character"": """"}, {""name"": ""Kareena Kapoor"", ""character"": """"}, {""name"": ""Rani Mukerji"", ""character"": """"}]","[{""name"": ""Reema Kagti"", ""job"": ""Director""}]",7.4,140,2012-11-30,42.0,hi
90038,Rang De Basanti,"[{""id"": 1, ""name"": ""Drama""}, {""id"": 2, ""name"": ""Thriller""}]","[{""id"": 1, ""name"": ""revolution""}, {""id"": 2, ""name"": ""youth""}, {""id"": 3, ""name"": ""patriotism""}, {""id"": 4, ""name"": ""documentary""}]",Young Indians are inspired by freedom fighters' stories to fight modern corruption.,"[{""name"": ""Aamir Khan"", ""character"": """"}, {""name"": ""Siddharth"", ""character"": """"}, {""name"": ""Sharman Joshi"", ""character"": """"}]","[{""name"": ""Rakeysh Omprakash Mehra"", ""job"": ""Director""}]",8.0,157,2006-01-26,45.0,hi
90039,Special 26,"[{""id"": 1, ""name"": ""Crime""}, {""id"": 2, ""name"": ""Drama""}, {""id"": 3, ""name"": ""Thriller""}]","[{""id"": 1, ""name"": ""heist""}, {""id"": 2, ""name"": ""con-artist""}, {""id"": 3, ""name"": ""sting""}, {""id"": 4, ""name"": ""cbi""}]",A gang of con men pull off heists by impersonating government officials.,"[{""name"": ""Akshay Kumar"", ""character"": """"}, {""name"": ""Manoj Bajpayee"", ""character"": """"}, {""name"": ""Anupam Kher"", ""character"": """"}]","[{""name"": ""Neeraj Pandey"", ""job"": ""Director""}]",7.9,144,2013-02-08,35.0,hi
90040,A Wednesday,"[{""id"": 1, ""name"": ""Crime""}, {""id"": 2, ""name"": ""Drama""}, {""id"": 3, ""name"": ""Thriller""}]","[{""id"": 1, ""name"": ""terrorism""}, {""id"": 2, ""name"": ""common-man""}, {""id"": 3, ""name"": ""police""}, {""id"": 4, ""name"": ""bomb-threat""}]",A common man orchestrates a bomb threat to make a powerful statement against terrorism.,"[{""name"": ""Naseeruddin Shah"", ""character"": """"}, {""name"": ""Anupam Kher"", ""character"": """"}, {""name"": ""Jimmy Shergill"", ""character"": """"}]","[{""name"": ""Neeraj Pandey"", ""job"": ""Director""}]",8.1,104,2008-09-05,30.0,hi
90041,Hera Pheri,"[{""id"": 1, ""name"": ""Comedy""}]","[{""id"": 1, ""name"": ""con""}, {""id"": 2, ""name"": ""landlord""}, {""id"": 3, ""name"": ""kidnapping""}, {""id"": 4, ""name"": ""friendship""}]",Three unemployed men stumble into a get-rich-quick scheme with hilarious consequences.,"[{""name"": ""Akshay Kumar"", ""character"": """"}, {""name"": ""Sunil Shetty"", ""character"": """"}, {""name"": ""Paresh Rawal"", ""character"": """"}]","[{""name"": ""Priyadarshan"", ""job"": ""Director""}]",8.2,156,2000-03-31,45.0,hi
90042,Munna Bhai M.B.B.S.,"[{""id"": 1, ""name"": ""Comedy""}, {""id"": 2, ""name"": ""Drama""}]","[{""id"": 1, ""name"": ""gangster""}, {""id"": 2, ""name"": ""medical""}, {""id"": 3, ""name"": ""gandhigiri""}, {""id"": 4, ""name"": ""love""}]",A lovable goon enrolls in medical school to fulfill his father's dream.,"[{""name"": ""Sanjay Dutt"", ""character"": """"}, {""name"": ""Arshad Warsi"", ""character"": """"}, {""name"": ""Gracy Singh"", ""character"": """"}]","[{""name"": ""Rajkumar Hirani"", ""job"": ""Director""}]",8.0,156,2003-12-19,42.0,hi
90043,Lage Raho Munna Bhai,"[{""id"": 1, ""name"": ""Comedy""}, {""id"": 2, ""name"": ""Drama""}]","[{""id"": 1, ""name"": ""gandhigiri""}, {""id"": 2, ""name"": ""humor""}, {""id"": 3, ""name"": ""social""}, {""id"": 4, ""name"": ""ghost""}]",A gangster starts seeing Gandhi's ghost and uses Gandhigiri to solve problems.,"[{""name"": ""Sanjay Dutt"", ""character"": """"}, {""name"": ""Arshad Warsi"", ""character"": """"}, {""name"": ""Vidya Balan"", ""character"": """"}]","[{""name"": ""Rajkumar Hirani"", ""job"": ""Director""}]",7.9,144,2006-09-01,40.0,hi
90044,Guru,"[{""id"": 1, ""name"": ""Biography""}, {""id"": 2, ""name"": ""Drama""}]","[{""id"": 1, ""name"": ""business""}, {""id"": 2, ""name"": ""ambition""}, {""id"": 3, ""name"": ""success""}, {""id"": 4, ""name"": ""controversy""}]",The rags-to-riches story of a man who builds India's largest business empire.,"[{""name"": ""Abhishek Bachchan"", ""character"": """"}, {""name"": ""Aishwarya Rai"", ""character"": """"}, {""name"": ""Mithun Chakraborty"", ""character"": """"}]","[{""name"": ""Mani Ratnam"", ""job"": ""Director""}]",7.5,166,2007-01-12,32.0,hi
90045,Black Friday,"[{""id"": 1, ""name"": ""Crime""}, {""id"": 2, ""name"": ""Drama""}, {""id"": 3, ""name"": ""Thriller""}]","[{""id"": 1, ""name"": ""bomb-blast""}, {""id"": 2, ""name"": ""terrorism""}, {""id"": 3, ""name"": ""investigation""}, {""id"": 4, ""name"": ""underworld""}]",The events leading to the 1993 Bombay bomb blasts and their aftermath.,"[{""name"": ""Kay Kay Menon"", ""character"": """"}, {""name"": ""Pavan Malhotra"", ""character"": """"}, {""name"": ""Aditya Srivastava"", ""character"": """"}]","[{""name"": ""Anurag Kashyap"", ""job"": ""Director""}]",8.0,143,2004-08-28,22.0,hi
90046,Dev.D,"[{""id"": 1, ""name"": ""Drama""}, {""id"": 2, ""name"": ""Romance""}]","[{""id"": 1, ""name"": ""drugs""}, {""id"": 2, ""name"": ""modern""}, {""id"": 3, ""name"": ""love""}, {""id"": 4, ""name"": ""destruction""}]",A modern retelling of Devdas set in contemporary India.,"[{""name"": ""Abhay Deol"", ""character"": """"}, {""name"": ""Mahie Gill"", ""character"": """"}, {""name"": ""Kalki Koechlin"", ""character"": """"}]","[{""name"": ""Anurag Kashyap"", ""job"": ""Director""}]",7.5,144,2009-02-06,28.0,hi
90047,Omkara,"[{""id"": 1, ""name"": ""Crime""}, {""id"": 2, ""name"": ""Drama""}, {""id"": 3, ""name"": ""Thriller""}]","[{""id"": 1, ""name"": ""shakespear""}, {""id"": 2, ""name"": ""othello""}, {""id"": 3, ""name"": ""crime""}, {""id"": 4, ""name"": ""jealousy""}]",An Othello adaptation set in the political underworld of Uttar Pradesh.,"[{""name"": ""Ajay Devgn"", ""character"": """"}, {""name"": ""Kareena Kapoor"", ""character"": """"}, {""name"": ""Saif Ali Khan"", ""character"": """"}]","[{""name"": ""Vishal Bhardwaj"", ""job"": ""Director""}]",7.8,155,2006-07-28,30.0,hi
90048,Haider,"[{""id"": 1, ""name"": ""Crime""}, {""id"": 2, ""name"": ""Drama""}, {""id"": 3, ""name"": ""Thriller""}]","[{""id"": 1, ""name"": ""kashmir""}, {""id"": 2, ""name"": ""hamlet""}, {""id"": 3, ""name"": ""conflict""}, {""id"": 4, ""name"": ""revenge""}]",A modern adaptation of Hamlet set in insurgency-torn Kashmir.,"[{""name"": ""Shahid Kapoor"", ""character"": """"}, {""name"": ""Tabu"", ""character"": """"}, {""name"": ""Shraddha Kapoor"", ""character"": """"}]","[{""name"": ""Vishal Bhardwaj"", ""job"": ""Director""}]",7.8,160,2014-10-02,35.0,hi
90049,Maqbool,"[{""id"": 1, ""name"": ""Crime""}, {""id"": 2, ""name"": ""Drama""}, {""id"": 3, ""name"": ""Thriller""}]","[{""id"": 1, ""name"": ""macbeth""}, {""id"": 2, ""name"": ""underworld""}, {""id"": 3, ""name"": ""mumbai""}, {""id"": 4, ""name"": ""betrayal""}]",A Macbeth adaptation set in the Mumbai underworld.,"[{""name"": ""Irrfan Khan"", ""character"": """"}, {""name"": ""Tabu"", ""character"": """"}, {""name"": ""Pankaj Kapur"", ""character"": """"}]","[{""name"": ""Vishal Bhardwaj"", ""job"": ""Director""}]",7.7,132,2003-10-03,22.0,hi
90050,Lunchbox,"[{""id"": 1, ""name"": ""Drama""}, {""id"": 2, ""name"": ""Romance""}]","[{""id"": 1, ""name"": ""letters""}, {""id"": 2, ""name"": ""lonely""}, {""id"": 3, ""name"": ""food""}, {""id"": 4, ""name"": ""connection""}]",A mistaken lunch delivery leads to an unexpected connection between two lonely people.,"[{""name"": ""Irrfan Khan"", ""character"": """"}, {""name"": ""Nimrat Kaur"", ""character"": """"}, {""name"": ""Nawazuddin Siddiqui"", ""character"": """"}]","[{""name"": ""Ritesh Batra"", ""job"": ""Director""}]",7.8,104,2013-09-20,40.0,hi
90051,Neerja,"[{""id"": 1, ""name"": ""Biography""}, {""id"": 2, ""name"": ""Drama""}, {""id"": 3, ""name"": ""Thriller""}]","[{""id"": 1, ""name"": ""hijacking""}, {""id"": 2, ""name"": ""courage""}, {""id"": 3, ""name"": ""flight-attendant""}, {""id"": 4, ""name"": ""bravery""}]",The true story of flight attendant Neerja Bhanot who saved passengers during a hijacking.,"[{""name"": ""Sonam Kapoor"", ""character"": """"}, {""name"": ""Shabana Azmi"", ""character"": """"}, {""name"": ""Shekhar Ravjiani"", ""character"": """"}]","[{""name"": ""Ram Madhvani"", ""job"": ""Director""}]",7.7,122,2016-02-19,35.0,hi
90052,Stree,"[{""id"": 1, ""name"": ""Comedy""}, {""id"": 2, ""name"": ""Horror""}]","[{""id"": 1, ""name"": ""ghost""}, {""id"": 2, ""name"": ""feminist""}, {""id"": 3, ""name"": ""small-town""}, {""id"": 4, ""name"": ""supernatural""}]",A ghost haunts a small town and abducts men during a festival — with a feminist twist.,"[{""name"": ""Rajkummar Rao"", ""character"": """"}, {""name"": ""Shraddha Kapoor"", ""character"": """"}, {""name"": ""Pankaj Tripathi"", ""character"": """"}]","[{""name"": ""Amar Kaushik"", ""job"": ""Director""}]",7.5,129,2018-08-31,45.0,hi
90053,Kabir Singh,"[{""id"": 1, ""name"": ""Drama""}, {""id"": 2, ""name"": ""Romance""}]","[{""id"": 1, ""name"": ""toxic""}, {""id"": 2, ""name"": ""love""}, {""id"": 3, ""name"": ""medical""}, {""id"": 4, ""name"": ""self-destruction""}]",A surgeon's life spirals out of control after losing his college sweetheart.,"[{""name"": ""Shahid Kapoor"", ""character"": """"}, {""name"": ""Kiara Advani"", ""character"": """"}, {""name"": ""Arjan Bajwa"", ""character"": """"}]","[{""name"": ""Sandeep Reddy Vanga"", ""job"": ""Director""}]",7.0,173,2019-06-21,55.0,hi
90054,War,"[{""id"": 1, ""name"": ""Action""}, {""id"": 2, ""name"": ""Thriller""}]","[{""id"": 1, ""name"": ""spy""}, {""id"": 2, ""name"": ""mentor""}, {""id"": 3, ""name"": ""betrayal""}, {""id"": 4, ""name"": ""chase""}]",An Indian intelligence agent is tasked with hunting down his former mentor turned rogue.,"[{""name"": ""Hrithik Roshan"", ""character"": """"}, {""name"": ""Tiger Shroff"", ""character"": """"}, {""name"": ""Vaani Kapoor"", ""character"": """"}]","[{""name"": ""Siddharth Anand"", ""job"": ""Director""}]",6.8,154,2019-10-02,50.0,hi
90055,Sanju,"[{""id"": 1, ""name"": ""Biography""}, {""id"": 2, ""name"": ""Comedy""}, {""id"": 3, ""name"": ""Drama""}]","[{""id"": 1, ""name"": ""bollywood""}, {""id"": 2, ""name"": ""drugs""}, {""id"": 3, ""name"": ""redemption""}, {""id"": 4, ""name"": ""biography""}]",The turbulent life story of Bollywood actor Sanjay Dutt.,"[{""name"": ""Ranbir Kapoor"", ""character"": """"}, {""name"": ""Vicky Kaushal"", ""character"": """"}, {""name"": ""Paresh Rawal"", ""character"": """"}]","[{""name"": ""Rajkumar Hirani"", ""job"": ""Director""}]",7.5,161,2018-06-29,48.0,hi
90056,Pad Man,"[{""id"": 1, ""name"": ""Comedy""}, {""id"": 2, ""name"": ""Drama""}]","[{""id"": 1, ""name"": ""sanitary-pads""}, {""id"": 2, ""name"": ""innovation""}, {""id"": 3, ""name"": ""social""}, {""id"": 4, ""name"": ""rural""}]",A man invents a low-cost sanitary pad machine to improve women's hygiene in rural India.,"[{""name"": ""Akshay Kumar"", ""character"": """"}, {""name"": ""Sonam Kapoor"", ""character"": """"}, {""name"": ""Radhika Apte"", ""character"": """"}]","[{""name"": ""R. Balki"", ""job"": ""Director""}]",7.2,140,2018-02-09,35.0,hi
90057,Toilet: Ek Prem Katha,"[{""id"": 1, ""name"": ""Comedy""}, {""id"": 2, ""name"": ""Drama""}]","[{""id"": 1, ""name"": ""sanitation""}, {""id"": 2, ""name"": ""marriage""}, {""id"": 3, ""name"": ""village""}, {""id"": 4, ""name"": ""social""}]",A man fights to build a toilet for his wife in a conservative rural village.,"[{""name"": ""Akshay Kumar"", ""character"": """"}, {""name"": ""Bhumi Pednekar"", ""character"": """"}, {""name"": ""Anupam Kher"", ""character"": """"}]","[{""name"": ""Shree Narayan Singh"", ""job"": ""Director""}]",6.8,155,2017-08-11,32.0,hi
90058,Chhichhore,"[{""id"": 1, ""name"": ""Comedy""}, {""id"": 2, ""name"": ""Drama""}]","[{""id"": 1, ""name"": ""college""}, {""id"": 2, ""name"": ""friendship""}, {""id"": 3, ""name"": ""suicide-prevention""}, {""id"": 4, ""name"": ""nostalgia""}]",College friends reunite years later to save a former classmate's son through their shared memories.,"[{""name"": ""Sushant Singh Rajput"", ""character"": """"}, {""name"": ""Shraddha Kapoor"", ""character"": """"}, {""name"": ""Varun Sharma"", ""character"": """"}]","[{""name"": ""Nitesh Tiwari"", ""job"": ""Director""}]",7.8,143,2019-09-06,42.0,hi
90059,The Lunchbox,"[{""id"": 1, ""name"": ""Drama""}, {""id"": 2, ""name"": ""Romance""}]","[{""id"": 1, ""name"": ""letters""}, {""id"": 2, ""name"": ""lonely""}, {""id"": 3, ""name"": ""food""}, {""id"": 4, ""name"": ""connection""}]",A mistaken lunch delivery connects a lonely housewife with a widowed accountant.,"[{""name"": ""Irrfan Khan"", ""character"": """"}, {""name"": ""Nimrat Kaur"", ""character"": """"}, {""name"": ""Nawazuddin Siddiqui"", ""character"": """"}]","[{""name"": ""Ritesh Batra"", ""job"": ""Director""}]",7.8,104,2013-09-20,38.0,hi
90060,Pagglait,"[{""id"": 1, ""name"": ""Comedy""}, {""id"": 2, ""name"": ""Drama""}]","[{""id"": 1, ""name"": ""widow""}, {""id"": 2, ""name"": ""family""}, {""id"": 3, ""name"": ""self-discovery""}, {""id"": 4, ""name"": ""death""}]",A young widow struggles to grieve and discovers herself amidst family chaos.,"[{""name"": ""Sanya Malhotra"", ""character"": """"}, {""name"": ""Ashutosh Rana"", ""character"": """"}, {""name"": ""Sheeba Chaddha"", ""character"": """"}]","[{""name"": ""Umesh Bist"", ""job"": ""Director""}]",6.8,113,2021-03-26,22.0,hi
90061,Thappad,"[{""id"": 1, ""name"": ""Drama""}]","[{""id"": 1, ""name"": ""domestic-violence""}, {""id"": 2, ""name"": ""marriage""}, {""id"": 3, ""name"": ""feminism""}, {""id"": 4, ""name"": ""dignity""}]",A woman questions her entire marriage after her husband slaps her at a party.,"[{""name"": ""Taapsee Pannu"", ""character"": """"}, {""name"": ""Pavail Gulati"", ""character"": """"}, {""name"": ""Dia Mirza"", ""character"": """"}]","[{""name"": ""Anubhav Sinha"", ""job"": ""Director""}]",7.5,142,2020-02-28,28.0,hi
90062,Badhaai Ho,"[{""id"": 1, ""name"": ""Comedy""}, {""id"": 2, ""name"": ""Drama""}]","[{""id"": 1, ""name"": ""pregnancy""}, {""id"": 2, ""name"": ""family""}, {""id"": 3, ""name"": ""embarrassment""}, {""id"": 4, ""name"": ""acceptance""}]",A middle-aged couple's unexpected pregnancy embarrasses their adult sons.,"[{""name"": ""Ayushmann Khurrana"", ""character"": """"}, {""name"": ""Neena Gupta"", ""character"": """"}, {""name"": ""Gajraj Rao"", ""character"": """"}]","[{""name"": ""Amit Sharma"", ""job"": ""Director""}]",7.5,116,2018-10-18,38.0,hi
90063,Shubh Mangal Zyada Saavdhan,"[{""id"": 1, ""name"": ""Comedy""}, {""id"": 2, ""name"": ""Drama""}, {""id"": 3, ""name"": ""Romance""}]","[{""id"": 1, ""name"": ""lgbtq""}, {""id"": 2, ""name"": ""family""}, {""id"": 3, ""name"": ""acceptance""}, {""id"": 4, ""name"": ""homosexuality""}]",A same-sex couple fights for their families' acceptance in small-town India.,"[{""name"": ""Ayushmann Khurrana"", ""character"": """"}, {""name"": ""Jitendra Kumar"", ""character"": """"}, {""name"": ""Neena Gupta"", ""character"": """"}]","[{""name"": ""Hitesh Kewalya"", ""job"": ""Director""}]",6.5,120,2020-02-21,25.0,hi
90064,Vicky Donor,"[{""id"": 1, ""name"": ""Comedy""}, {""id"": 2, ""name"": ""Drama""}, {""id"": 3, ""name"": ""Romance""}]","[{""id"": 1, ""name"": ""sperm-donor""}, {""id"": 2, ""name"": ""fertility""}, {""id"": 3, ""name"": ""family""}, {""id"": 4, ""name"": ""taboo""}]","A young man becomes a prolific sperm donor, complicating his love life.","[{""name"": ""Ayushmann Khurrana"", ""character"": """"}, {""name"": ""Yami Gautam"", ""character"": """"}, {""name"": ""Annu Kapoor"", ""character"": """"}]","[{""name"": ""Shoojit Sircar"", ""job"": ""Director""}]",7.5,125,2012-04-20,30.0,hi
90065,Dream Girl,"[{""id"": 1, ""name"": ""Comedy""}]","[{""id"": 1, ""name"": ""gender""}, {""id"": 2, ""name"": ""comedy""}, {""id"": 3, ""name"": ""impersonation""}, {""id"": 4, ""name"": ""call-center""}]",A man with a talent for female voice impersonation lands a job at a love hotline.,"[{""name"": ""Ayushmann Khurrana"", ""character"": """"}, {""name"": ""Nushrratt Bharuccha"", ""character"": """"}, {""name"": ""Annu Kapoor"", ""character"": """"}]","[{""name"": ""Raaj Shaandilyaa"", ""job"": ""Director""}]",6.8,132,2019-09-13,35.0,hi
90066,Raanjhanaa,"[{""id"": 1, ""name"": ""Drama""}, {""id"": 2, ""name"": ""Romance""}]","[{""id"": 1, ""name"": ""love""}, {""id"": 2, ""name"": ""unrequited""}, {""id"": 3, ""name"": ""politics""}, {""id"": 4, ""name"": ""sacrifice""}]",A Hindu boy from Varanasi falls deeply in love with a Muslim girl.,"[{""name"": ""Dhanush"", ""character"": """"}, {""name"": ""Sonam Kapoor"", ""character"": """"}, {""name"": ""Abhay Deol"", ""character"": """"}]","[{""name"": ""Aanand L. Rai"", ""job"": ""Director""}]",7.3,166,2013-06-21,30.0,hi
90067,Tanu Weds Manu Returns,"[{""id"": 1, ""name"": ""Comedy""}, {""id"": 2, ""name"": ""Romance""}]","[{""id"": 1, ""name"": ""divorce""}, {""id"": 2, ""name"": ""lookalike""}, {""id"": 3, ""name"": ""confusion""}, {""id"": 4, ""name"": ""marriage""}]",A man encounters a lookalike of his estranged wife who turns his life upside down.,"[{""name"": ""R. Madhavan"", ""character"": """"}, {""name"": ""Kangana Ranaut"", ""character"": """"}, {""name"": ""Jimmy Shergill"", ""character"": """"}]","[{""name"": ""Aanand L. Rai"", ""job"": ""Director""}]",7.0,128,2015-05-22,35.0,hi
90068,NH10,"[{""id"": 1, ""name"": ""Action""}, {""id"": 2, ""name"": ""Crime""}, {""id"": 3, ""name"": ""Thriller""}]","[{""id"": 1, ""name"": ""honor-killing""}, {""id"": 2, ""name"": ""road-trip""}, {""id"": 3, ""name"": ""survival""}, {""id"": 4, ""name"": ""violence""}]",A couple's road trip turns into a nightmare when they encounter honor killing.,"[{""name"": ""Anushka Sharma"", ""character"": """"}, {""name"": ""Neil Bhoopalam"", ""character"": """"}, {""name"": ""Darshan Kumar"", ""character"": """"}]","[{""name"": ""Navdeep Singh"", ""job"": ""Director""}]",7.2,116,2015-03-13,25.0,hi
90069,Bhool Bhulaiyaa,"[{""id"": 1, ""name"": ""Comedy""}, {""id"": 2, ""name"": ""Horror""}, {""id"": 3, ""name"": ""Mystery""}]","[{""id"": 1, ""name"": ""ghost""}, {""id"": 2, ""name"": ""psychiatrist""}, {""id"": 3, ""name"": ""haunted-mansion""}, {""id"": 4, ""name"": ""comedy""}]",A psychiatrist investigates mysterious events at an ancestral mansion.,"[{""name"": ""Akshay Kumar"", ""character"": """"}, {""name"": ""Vidya Balan"", ""character"": """"}, {""name"": ""Shiney Ahuja"", ""character"": """"}]","[{""name"": ""Priyadarshan"", ""job"": ""Director""}]",7.3,159,2007-10-12,38.0,hi
90070,Dil Bechara,"[{""id"": 1, ""name"": ""Drama""}, {""id"": 2, ""name"": ""Romance""}]","[{""id"": 1, ""name"": ""cancer""}, {""id"": 2, ""name"": ""love""}, {""id"": 3, ""name"": ""youth""}, {""id"": 4, ""name"": ""terminal-illness""}]",Two teenagers with terminal illness fall in love and live life to the fullest.,"[{""name"": ""Sushant Singh Rajput"", ""character"": """"}, {""name"": ""Sanjana Sanghi"", ""character"": """"}, {""name"": ""Saif Ali Khan"", ""character"": """"}]","[{""name"": ""Mukesh Chhabra"", ""job"": ""Director""}]",7.5,101,2020-07-24,45.0,hi
90101,Baahubali: The Beginning,"[{""id"": 1, ""name"": ""Action""}, {""id"": 2, ""name"": ""Drama""}, {""id"": 3, ""name"": ""Fantasy""}]","[{""id"": 1, ""name"": ""kingdom""}, {""id"": 2, ""name"": ""war""}, {""id"": 3, ""name"": ""epic""}, {""id"": 4, ""name"": ""mythology""}]",A young man discovers his royal heritage and sets out to reclaim his kingdom.,"[{""name"": ""Prabhas"", ""character"": """"}, {""name"": ""Rana Daggubati"", ""character"": """"}, {""name"": ""Anushka Shetty"", ""character"": """"}]","[{""name"": ""S.S. Rajamouli"", ""job"": ""Director""}]",8.0,159,2015-07-10,75.0,te
90102,Baahubali 2: The Conclusion,"[{""id"": 1, ""name"": ""Action""}, {""id"": 2, ""name"": ""Drama""}, {""id"": 3, ""name"": ""Fantasy""}]","[{""id"": 1, ""name"": ""kingdom""}, {""id"": 2, ""name"": ""war""}, {""id"": 3, ""name"": ""revenge""}, {""id"": 4, ""name"": ""epic""}]",The epic conclusion to Baahubali's quest to reclaim his kingdom from the tyrant.,"[{""name"": ""Prabhas"", ""character"": """"}, {""name"": ""Rana Daggubati"", ""character"": """"}, {""name"": ""Anushka Shetty"", ""character"": """"}]","[{""name"": ""S.S. Rajamouli"", ""job"": ""Director""}]",8.2,167,2017-04-28,80.0,te
90103,RRR,"[{""id"": 1, ""name"": ""Action""}, {""id"": 2, ""name"": ""Drama""}]","[{""id"": 1, ""name"": ""freedom""}, {""id"": 2, ""name"": ""friendship""}, {""id"": 3, ""name"": ""colonial""}, {""id"": 4, ""name"": ""revolution""}]",Two legendary revolutionaries forge a friendship and fight for their motherland.,"[{""name"": ""N.T. Rama Rao Jr."", ""character"": """"}, {""name"": ""Ram Charan"", ""character"": """"}, {""name"": ""Alia Bhatt"", ""character"": """"}]","[{""name"": ""S.S. Rajamouli"", ""job"": ""Director""}]",8.0,187,2022-03-25,85.0,te
90104,Eega,"[{""id"": 1, ""name"": ""Action""}, {""id"": 2, ""name"": ""Comedy""}, {""id"": 3, ""name"": ""Fantasy""}]","[{""id"": 1, ""name"": ""reincarnation""}, {""id"": 2, ""name"": ""fly""}, {""id"": 3, ""name"": ""revenge""}, {""id"": 4, ""name"": ""love""}]",A man reincarnated as a fly plots revenge against his murderer.,"[{""name"": ""Sudeep"", ""character"": """"}, {""name"": ""Nani"", ""character"": """"}, {""name"": ""Samantha Ruth Prabhu"", ""character"": """"}]","[{""name"": ""S.S. Rajamouli"", ""job"": ""Director""}]",7.5,135,2012-07-06,30.0,te
90105,Arjun Reddy,"[{""id"": 1, ""name"": ""Drama""}, {""id"": 2, ""name"": ""Romance""}]","[{""id"": 1, ""name"": ""self-destruction""}, {""id"": 2, ""name"": ""love""}, {""id"": 3, ""name"": ""medical""}, {""id"": 4, ""name"": ""alcoholism""}]",A brilliant surgeon spirals into self-destruction after a devastating breakup.,"[{""name"": ""Vijay Deverakonda"", ""character"": """"}, {""name"": ""Shalini Pandey"", ""character"": """"}, {""name"": ""Rahul Ramakrishna"", ""character"": """"}]","[{""name"": ""Sandeep Reddy Vanga"", ""job"": ""Director""}]",7.8,187,2017-08-25,40.0,te
90106,Ala Vaikunthapurramuloo,"[{""id"": 1, ""name"": ""Action""}, {""id"": 2, ""name"": ""Comedy""}, {""id"": 3, ""name"": ""Drama""}]","[{""id"": 1, ""name"": ""switched-at-birth""}, {""id"": 2, ""name"": ""family""}, {""id"": 3, ""name"": ""identity""}, {""id"": 4, ""name"": ""business""}]",A young man discovers he was switched at birth and belongs to a wealthy family.,"[{""name"": ""Allu Arjun"", ""character"": """"}, {""name"": ""Pooja Hegde"", ""character"": """"}, {""name"": ""Tabu"", ""character"": """"}]","[{""name"": ""Trivikram Srinivas"", ""job"": ""Director""}]",7.2,163,2020-01-12,45.0,te
90107,Pushpa: The Rise,"[{""id"": 1, ""name"": ""Action""}, {""id"": 2, ""name"": ""Crime""}, {""id"": 3, ""name"": ""Drama""}]","[{""id"": 1, ""name"": ""smuggling""}, {""id"": 2, ""name"": ""sandalwood""}, {""id"": 3, ""name"": ""power""}, {""id"": 4, ""name"": ""rise""}]",A laborer rises in the world of red sandalwood smuggling through sheer determination.,"[{""name"": ""Allu Arjun"", ""character"": """"}, {""name"": ""Rashmika Mandanna"", ""character"": """"}, {""name"": ""Fahadh Faasil"", ""character"": """"}]","[{""name"": ""Sukumar"", ""job"": ""Director""}]",7.5,179,2021-12-17,70.0,te
90108,Jersey,"[{""id"": 1, ""name"": ""Drama""}, {""id"": 2, ""name"": ""Sport""}]","[{""id"": 1, ""name"": ""cricket""}, {""id"": 2, ""name"": ""comeback""}, {""id"": 3, ""name"": ""father""}, {""id"": 4, ""name"": ""sacrifice""}]",A failed cricketer returns to the sport in his late 30s for his son's dream.,"[{""name"": ""Nani"", ""character"": """"}, {""name"": ""Shraddha Srinath"", ""character"": """"}, {""name"": ""Sathyaraj"", ""character"": """"}]","[{""name"": ""Gowtam Tinnanuri"", ""job"": ""Director""}]",8.4,157,2019-04-19,30.0,te
90109,Mahanati,"[{""id"": 1, ""name"": ""Biography""}, {""id"": 2, ""name"": ""Drama""}]","[{""id"": 1, ""name"": ""actress""}, {""id"": 2, ""name"": ""biography""}, {""id"": 3, ""name"": ""golden-era""}, {""id"": 4, ""name"": ""tragedy""}]","The biopic of legendary actress Savitri, from stardom to tragic downfall.","[{""name"": ""Keerthy Suresh"", ""character"": """"}, {""name"": ""Dulquer Salmaan"", ""character"": """"}, {""name"": ""Samantha Ruth Prabhu"", ""character"": """"}]","[{""name"": ""Nag Ashwin"", ""job"": ""Director""}]",8.0,177,2018-05-09,28.0,te
90110,Rangasthalam,"[{""id"": 1, ""name"": ""Action""}, {""id"": 2, ""name"": ""Drama""}]","[{""id"": 1, ""name"": ""village""}, {""id"": 2, ""name"": ""politics""}, {""id"": 3, ""name"": ""hearing-impairment""}, {""id"": 4, ""name"": ""family""}]",A hearing-impaired man takes on a corrupt village president.,"[{""name"": ""Ram Charan"", ""character"": """"}, {""name"": ""Samantha Ruth Prabhu"", ""character"": """"}, {""name"": ""Aadhi Pinisetty"", ""character"": """"}]","[{""name"": ""Sukumar"", ""job"": ""Director""}]",7.8,170,2018-03-30,32.0,te
90111,Vikram Vedha,"[{""id"": 1, ""name"": ""Action""}, {""id"": 2, ""name"": ""Crime""}, {""id"": 3, ""name"": ""Thriller""}]","[{""id"": 1, ""name"": ""cop""}, {""id"": 2, ""name"": ""gangster""}, {""id"": 3, ""name"": ""morality""}, {""id"": 4, ""name"": ""cat-and-mouse""}]",A police officer's moral convictions are tested by a fugitive gangster's stories.,"[{""name"": ""R. Madhavan"", ""character"": """"}, {""name"": ""Vijay Sethupathi"", ""character"": """"}, {""name"": ""Shraddha Srinath"", ""character"": """"}]","[{""name"": ""Pushkar-Gayathri"", ""job"": ""Director""}]",8.3,147,2017-07-21,35.0,ta
90112,Super Deluxe,"[{""id"": 1, ""name"": ""Comedy""}, {""id"": 2, ""name"": ""Crime""}, {""id"": 3, ""name"": ""Drama""}]","[{""id"": 1, ""name"": ""transgender""}, {""id"": 2, ""name"": ""interconnected""}, {""id"": 3, ""name"": ""morality""}, {""id"": 4, ""name"": ""dark-comedy""}]",Four interconnected stories explore human nature and morality.,"[{""name"": ""Vijay Sethupathi"", ""character"": """"}, {""name"": ""Fahadh Faasil"", ""character"": """"}, {""name"": ""Samantha Ruth Prabhu"", ""character"": """"}]","[{""name"": ""Thiagarajan Kumararaja"", ""job"": ""Director""}]",8.0,176,2019-03-29,28.0,ta
90113,96,"[{""id"": 1, ""name"": ""Drama""}, {""id"": 2, ""name"": ""Romance""}]","[{""id"": 1, ""name"": ""nostalgia""}, {""id"": 2, ""name"": ""reunion""}, {""id"": 3, ""name"": ""school""}, {""id"": 4, ""name"": ""unspoken-love""}]",Two high-school sweethearts reunite after 22 years and relive their unspoken love.,"[{""name"": ""Vijay Sethupathi"", ""character"": """"}, {""name"": ""Trisha Krishnan"", ""character"": """"}, {""name"": ""Devadarshini"", ""character"": """"}]","[{""name"": ""C. Prem Kumar"", ""job"": ""Director""}]",8.2,158,2018-10-04,30.0,ta
90114,Kaithi,"[{""id"": 1, ""name"": ""Action""}, {""id"": 2, ""name"": ""Thriller""}]","[{""id"": 1, ""name"": ""prison""}, {""id"": 2, ""name"": ""drug-bust""}, {""id"": 3, ""name"": ""father""}, {""id"": 4, ""name"": ""one-night""}]",An ex-convict on the way to meet his daughter gets caught in a drug operation.,"[{""name"": ""Karthi"", ""character"": """"}, {""name"": ""Narain"", ""character"": """"}, {""name"": ""George Maryan"", ""character"": """"}]","[{""name"": ""Lokesh Kanagaraj"", ""job"": ""Director""}]",8.3,145,2019-10-25,35.0,ta
90115,Master,"[{""id"": 1, ""name"": ""Action""}, {""id"": 2, ""name"": ""Thriller""}]","[{""id"": 1, ""name"": ""teacher""}, {""id"": 2, ""name"": ""gangster""}, {""id"": 3, ""name"": ""juvenile""}, {""id"": 4, ""name"": ""reform""}]",An alcoholic professor battles a ruthless gangster exploiting juveniles.,"[{""name"": ""Vijay"", ""character"": """"}, {""name"": ""Vijay Sethupathi"", ""character"": """"}, {""name"": ""Malavika Mohanan"", ""character"": """"}]","[{""name"": ""Lokesh Kanagaraj"", ""job"": ""Director""}]",7.0,178,2021-01-13,45.0,ta
90116,Vada Chennai,"[{""id"": 1, ""name"": ""Action""}, {""id"": 2, ""name"": ""Crime""}, {""id"": 3, ""name"": ""Drama""}]","[{""id"": 1, ""name"": ""slum""}, {""id"": 2, ""name"": ""gang-war""}, {""id"": 3, ""name"": ""politics""}, {""id"": 4, ""name"": ""chess""}]",A young carrom player gets drawn into a long-running gang war in North Chennai.,"[{""name"": ""Dhanush"", ""character"": """"}, {""name"": ""Aishwarya Rajesh"", ""character"": """"}, {""name"": ""Andrea Jeremiah"", ""character"": """"}]","[{""name"": ""Vetrimaaran"", ""job"": ""Director""}]",8.0,164,2018-10-17,28.0,ta
90117,Asuran,"[{""id"": 1, ""name"": ""Action""}, {""id"": 2, ""name"": ""Drama""}]","[{""id"": 1, ""name"": ""caste""}, {""id"": 2, ""name"": ""survival""}, {""id"": 3, ""name"": ""revenge""}, {""id"": 4, ""name"": ""father""}]",A father must protect his family from caste-based violence in rural India.,"[{""name"": ""Dhanush"", ""character"": """"}, {""name"": ""Manju Warrier"", ""character"": """"}, {""name"": ""Prakash Raj"", ""character"": """"}]","[{""name"": ""Vetrimaaran"", ""job"": ""Director""}]",8.2,141,2019-10-04,30.0,ta
90118,Soorarai Pottru,"[{""id"": 1, ""name"": ""Biography""}, {""id"": 2, ""name"": ""Drama""}]","[{""id"": 1, ""name"": ""aviation""}, {""id"": 2, ""name"": ""entrepreneur""}, {""id"": 3, ""name"": ""underdog""}, {""id"": 4, ""name"": ""dream""}]",An ambitious man fights to make air travel affordable for the common people.,"[{""name"": ""Suriya"", ""character"": """"}, {""name"": ""Aparna Balamurali"", ""character"": """"}, {""name"": ""Paresh Rawal"", ""character"": """"}]","[{""name"": ""Sudha Kongara"", ""job"": ""Director""}]",8.3,153,2020-11-12,38.0,ta
90119,Pariyerum Perumal,"[{""id"": 1, ""name"": ""Drama""}]","[{""id"": 1, ""name"": ""caste""}, {""id"": 2, ""name"": ""law-student""}, {""id"": 3, ""name"": ""discrimination""}, {""id"": 4, ""name"": ""dignity""}]",A law student from a marginalized community battles systemic discrimination.,"[{""name"": ""Kathir"", ""character"": """"}, {""name"": ""Anandhi"", ""character"": """"}, {""name"": ""Yogi Babu"", ""character"": """"}]","[{""name"": ""Mari Selvaraj"", ""job"": ""Director""}]",8.5,137,2018-09-28,22.0,ta
90120,Ratsasan,"[{""id"": 1, ""name"": ""Crime""}, {""id"": 2, ""name"": ""Thriller""}]","[{""id"": 1, ""name"": ""serial-killer""}, {""id"": 2, ""name"": ""investigation""}, {""id"": 3, ""name"": ""police""}, {""id"": 4, ""name"": ""psychopath""}]",An aspiring filmmaker-turned-cop hunts a serial killer targeting school girls.,"[{""name"": ""Vishnu Vishal"", ""character"": """"}, {""name"": ""Amala Paul"", ""character"": """"}, {""name"": ""Saravanan"", ""character"": """"}]","[{""name"": ""Ram Kumar"", ""job"": ""Director""}]",8.2,137,2018-10-05,30.0,ta
90121,Karnan,"[{""id"": 1, ""name"": ""Action""}, {""id"": 2, ""name"": ""Drama""}]","[{""id"": 1, ""name"": ""caste""}, {""id"": 2, ""name"": ""revolution""}, {""id"": 3, ""name"": ""village""}, {""id"": 4, ""name"": ""oppression""}]",A brave young man leads his village's fight against caste-based oppression.,"[{""name"": ""Dhanush"", ""character"": """"}, {""name"": ""Rajisha Vijayan"", ""character"": """"}, {""name"": ""Lal"", ""character"": """"}]","[{""name"": ""Mari Selvaraj"", ""job"": ""Director""}]",7.8,145,2021-04-09,28.0,ta
90122,Jai Bhim,"[{""id"": 1, ""name"": ""Drama""}, {""id"": 2, ""name"": ""Thriller""}]","[{""id"": 1, ""name"": ""tribal""}, {""id"": 2, ""name"": ""injustice""}, {""id"": 3, ""name"": ""legal""}, {""id"": 4, ""name"": ""activism""}]",A lawyer fights for justice when a tribal man is falsely accused by the police.,"[{""name"": ""Suriya"", ""character"": """"}, {""name"": ""Lijomol Jose"", ""character"": """"}, {""name"": ""Manikandan"", ""character"": """"}]","[{""name"": ""T.J. Gnanavel"", ""job"": ""Director""}]",8.8,164,2021-11-02,50.0,ta
90123,Mandela,"[{""id"": 1, ""name"": ""Comedy""}, {""id"": 2, ""name"": ""Drama""}]","[{""id"": 1, ""name"": ""politics""}, {""id"": 2, ""name"": ""village""}, {""id"": 3, ""name"": ""election""}, {""id"": 4, ""name"": ""barber""}]",A barber becomes the deciding vote in a tied village election.,"[{""name"": ""Yogi Babu"", ""character"": """"}, {""name"": ""Sheela Rajkumar"", ""character"": """"}, {""name"": ""Sangili Murugan"", ""character"": """"}]","[{""name"": ""Madonne Ashwin"", ""job"": ""Director""}]",7.8,135,2021-04-14,22.0,ta
90124,Sarpatta Parambarai,"[{""id"": 1, ""name"": ""Action""}, {""id"": 2, ""name"": ""Drama""}, {""id"": 3, ""name"": ""Sport""}]","[{""id"": 1, ""name"": ""boxing""}, {""id"": 2, ""name"": ""caste""}, {""id"": 3, ""name"": ""rivalry""}, {""id"": 4, ""name"": ""clan""}]",A young man from a boxing clan fights his way back to the ring.,"[{""name"": ""Arya"", ""character"": """"}, {""name"": ""Pasupathy"", ""character"": """"}, {""name"": ""Dushara Vijayan"", ""character"": """"}]","[{""name"": ""Pa. Ranjith"", ""job"": ""Director""}]",8.0,173,2021-07-22,30.0,ta
90125,Minnal Murali,"[{""id"": 1, ""name"": ""Action""}, {""id"": 2, ""name"": ""Comedy""}, {""id"": 3, ""name"": ""Drama""}]","[{""id"": 1, ""name"": ""superhero""}, {""id"": 2, ""name"": ""lightning""}, {""id"": 3, ""name"": ""village""}, {""id"": 4, ""name"": ""origin""}]",A tailor gains superpowers after being struck by lightning in his small town.,"[{""name"": ""Tovino Thomas"", ""character"": """"}, {""name"": ""Guru Somasundaram"", ""character"": """"}, {""name"": ""Femina George"", ""character"": """"}]","[{""name"": ""Basil Joseph"", ""job"": ""Director""}]",7.5,158,2021-12-24,35.0,ml
90126,Drishyam,"[{""id"": 1, ""name"": ""Crime""}, {""id"": 2, ""name"": ""Drama""}, {""id"": 3, ""name"": ""Thriller""}]","[{""id"": 1, ""name"": ""murder""}, {""id"": 2, ""name"": ""cover-up""}, {""id"": 3, ""name"": ""family""}, {""id"": 4, ""name"": ""suspense""}]",A man uses cinematic knowledge to protect his family from a murder investigation.,"[{""name"": ""Mohanlal"", ""character"": """"}, {""name"": ""Meena"", ""character"": """"}, {""name"": ""Asha Sharath"", ""character"": """"}]","[{""name"": ""Jeethu Joseph"", ""job"": ""Director""}]",8.5,160,2013-12-19,40.0,ml
90127,Premam,"[{""id"": 1, ""name"": ""Comedy""}, {""id"": 2, ""name"": ""Drama""}, {""id"": 3, ""name"": ""Romance""}]","[{""id"": 1, ""name"": ""love""}, {""id"": 2, ""name"": ""coming-of-age""}, {""id"": 3, ""name"": ""loss""}, {""id"": 4, ""name"": ""youth""}]",A young man experiences love and heartbreak across three phases of his life.,"[{""name"": ""Nivin Pauly"", ""character"": """"}, {""name"": ""Sai Pallavi"", ""character"": """"}, {""name"": ""Madonna Sebastian"", ""character"": """"}]","[{""name"": ""Alphonse Puthren"", ""job"": ""Director""}]",7.8,162,2015-05-29,32.0,ml
90128,Maheshinte Prathikaaram,"[{""id"": 1, ""name"": ""Comedy""}, {""id"": 2, ""name"": ""Drama""}]","[{""id"": 1, ""name"": ""revenge""}, {""id"": 2, ""name"": ""village""}, {""id"": 3, ""name"": ""photography""}, {""id"": 4, ""name"": ""footwear""}]",A photographer vows not to wear footwear until he avenges his humiliation.,"[{""name"": ""Fahadh Faasil"", ""character"": """"}, {""name"": ""Aparna Balamurali"", ""character"": """"}, {""name"": ""Anusree"", ""character"": """"}]","[{""name"": ""Dileesh Pothan"", ""job"": ""Director""}]",8.0,128,2016-02-05,22.0,ml
90129,Kumbalangi Nights,"[{""id"": 1, ""name"": ""Comedy""}, {""id"": 2, ""name"": ""Drama""}]","[{""id"": 1, ""name"": ""family""}, {""id"": 2, ""name"": ""brothers""}, {""id"": 3, ""name"": ""toxic-masculinity""}, {""id"": 4, ""name"": ""love""}]",Four dysfunctional brothers navigate love and life in a coastal town.,"[{""name"": ""Soubin Shahir"", ""character"": """"}, {""name"": ""Shane Nigam"", ""character"": """"}, {""name"": ""Fahadh Faasil"", ""character"": """"}]","[{""name"": ""Madhu C. Narayanan"", ""job"": ""Director""}]",8.3,135,2019-02-07,28.0,ml
90130,Jallikattu,"[{""id"": 1, ""name"": ""Action""}, {""id"": 2, ""name"": ""Drama""}, {""id"": 3, ""name"": ""Thriller""}]","[{""id"": 1, ""name"": ""bull""}, {""id"": 2, ""name"": ""chaos""}, {""id"": 3, ""name"": ""human-nature""}, {""id"": 4, ""name"": ""village""}]","A buffalo escapes in a remote village, turning its residents into a frenzied mob.","[{""name"": ""Antony Varghese"", ""character"": """"}, {""name"": ""Chemban Vinod Jose"", ""character"": """"}, {""name"": ""Sabumon Abdusamad"", ""character"": """"}]","[{""name"": ""Lijo Jose Pellissery"", ""job"": ""Director""}]",7.5,91,2019-10-04,22.0,ml
90131,Virus,"[{""id"": 1, ""name"": ""Drama""}, {""id"": 2, ""name"": ""Thriller""}]","[{""id"": 1, ""name"": ""epidemic""}, {""id"": 2, ""name"": ""nipah""}, {""id"": 3, ""name"": ""medical""}, {""id"": 4, ""name"": ""outbreak""}]",A gripping account of Kerala's fight against the Nipah virus outbreak.,"[{""name"": ""Parvathy Thiruvothu"", ""character"": """"}, {""name"": ""Revathi"", ""character"": """"}, {""name"": ""Tovino Thomas"", ""character"": """"}]","[{""name"": ""Aashiq Abu"", ""job"": ""Director""}]",8.0,152,2019-06-07,25.0,ml
90132,Bangalore Days,"[{""id"": 1, ""name"": ""Comedy""}, {""id"": 2, ""name"": ""Drama""}, {""id"": 3, ""name"": ""Romance""}]","[{""id"": 1, ""name"": ""cousins""}, {""id"": 2, ""name"": ""dreams""}, {""id"": 3, ""name"": ""city""}, {""id"": 4, ""name"": ""family""}]","Three cousins move to Bangalore and navigate love, dreams, and family expectations.","[{""name"": ""Dulquer Salmaan"", ""character"": """"}, {""name"": ""Nivin Pauly"", ""character"": """"}, {""name"": ""Nazriya Nazim"", ""character"": """"}]","[{""name"": ""Anjali Menon"", ""job"": ""Director""}]",7.8,175,2014-05-31,30.0,ml
90133,Charlie,"[{""id"": 1, ""name"": ""Adventure""}, {""id"": 2, ""name"": ""Comedy""}, {""id"": 3, ""name"": ""Drama""}]","[{""id"": 1, ""name"": ""mystery""}, {""id"": 2, ""name"": ""free-spirit""}, {""id"": 3, ""name"": ""travel""}, {""id"": 4, ""name"": ""art""}]",A young woman follows the trail of a mysterious free-spirited man.,"[{""name"": ""Dulquer Salmaan"", ""character"": """"}, {""name"": ""Parvathy Thiruvothu"", ""character"": """"}, {""name"": ""Aparna Gopinath"", ""character"": """"}]","[{""name"": ""Martin Prakkat"", ""job"": ""Director""}]",7.7,145,2015-12-24,25.0,ml
90134,Ustad Hotel,"[{""id"": 1, ""name"": ""Comedy""}, {""id"": 2, ""name"": ""Drama""}]","[{""id"": 1, ""name"": ""cooking""}, {""id"": 2, ""name"": ""family""}, {""id"": 3, ""name"": ""grandfather""}, {""id"": 4, ""name"": ""dreams""}]",A young chef bonds with his grandfather while cooking for a small eatery.,"[{""name"": ""Dulquer Salmaan"", ""character"": """"}, {""name"": ""Thilakan"", ""character"": """"}, {""name"": ""Nithya Menen"", ""character"": """"}]","[{""name"": ""Anwar Rasheed"", ""job"": ""Director""}]",8.0,145,2012-07-20,22.0,ml
90135,Thondimuthalum Driksakshiyum,"[{""id"": 1, ""name"": ""Crime""}, {""id"": 2, ""name"": ""Drama""}]","[{""id"": 1, ""name"": ""theft""}, {""id"": 2, ""name"": ""chain-snatching""}, {""id"": 3, ""name"": ""police""}, {""id"": 4, ""name"": ""morality""}]",A chain-snatching incident leads to a darkly comic battle of wits.,"[{""name"": ""Fahadh Faasil"", ""character"": """"}, {""name"": ""Suraj Venjaramoodu"", ""character"": """"}, {""name"": ""Nimisha Sajayan"", ""character"": """"}]","[{""name"": ""Dileesh Pothan"", ""job"": ""Director""}]",8.0,107,2017-06-09,20.0,ml
90071,Kabhi Khushi Kabhie Gham,"[{""id"": 1, ""name"": ""Drama""}, {""id"": 2, ""name"": ""Romance""}]","[{""id"": 1, ""name"": ""family""}, {""id"": 2, ""name"": ""nri""}, {""id"": 3, ""name"": ""love""}, {""id"": 4, ""name"": ""reunion""}]",A wealthy family's unity is tested when the eldest son marries against his father's wishes.,"[{""name"": ""Shah Rukh Khan"", ""character"": """"}, {""name"": ""Kajol"", ""character"": """"}, {""name"": ""Amitabh Bachchan"", ""character"": """"}]","[{""name"": ""Karan Johar"", ""job"": ""Director""}]",7.4,210,2001-12-14,55.0,hi
90072,Kal Ho Naa Ho,"[{""id"": 1, ""name"": ""Comedy""}, {""id"": 2, ""name"": ""Drama""}, {""id"": 3, ""name"": ""Romance""}]","[{""id"": 1, ""name"": ""terminal-illness""}, {""id"": 2, ""name"": ""love-triangle""}, {""id"": 3, ""name"": ""nri""}, {""id"": 4, ""name"": ""humor""}]",A dying man brings joy to a pessimistic girl's life and plays matchmaker.,"[{""name"": ""Shah Rukh Khan"", ""character"": """"}, {""name"": ""Preity Zinta"", ""character"": """"}, {""name"": ""Saif Ali Khan"", ""character"": """"}]","[{""name"": ""Nikkhil Advani"", ""job"": ""Director""}]",7.6,186,2003-11-28,48.0,hi
90073,Koi Mil Gaya,"[{""id"": 1, ""name"": ""Drama""}, {""id"": 2, ""name"": ""Sci-Fi""}]","[{""id"": 1, ""name"": ""alien""}, {""id"": 2, ""name"": ""disability""}, {""id"": 3, ""name"": ""friendship""}, {""id"": 4, ""name"": ""superhero""}]",A young man with a developmental disability befriends an alien with special powers.,"[{""name"": ""Hrithik Roshan"", ""character"": """"}, {""name"": ""Preity Zinta"", ""character"": """"}, {""name"": ""Rekha"", ""character"": """"}]","[{""name"": ""Rakesh Roshan"", ""job"": ""Director""}]",7.0,171,2003-08-08,35.0,hi
90074,Krrish,"[{""id"": 1, ""name"": ""Action""}, {""id"": 2, ""name"": ""Sci-Fi""}]","[{""id"": 1, ""name"": ""superhero""}, {""id"": 2, ""name"": ""powers""}, {""id"": 3, ""name"": ""inheritance""}, {""id"": 4, ""name"": ""circus""}]",A man inherits superhuman abilities from his father and becomes a masked hero.,"[{""name"": ""Hrithik Roshan"", ""character"": """"}, {""name"": ""Priyanka Chopra"", ""character"": """"}, {""name"": ""Naseeruddin Shah"", ""character"": """"}]","[{""name"": ""Rakesh Roshan"", ""job"": ""Director""}]",6.8,153,2006-06-23,40.0,hi
90075,Jab We Met,"[{""id"": 1, ""name"": ""Comedy""}, {""id"": 2, ""name"": ""Romance""}]","[{""id"": 1, ""name"": ""train""}, {""id"": 2, ""name"": ""punjab""}, {""id"": 3, ""name"": ""arranged-marriage""}, {""id"": 4, ""name"": ""self-discovery""}]",A depressed businessman meets a vivacious Sikh girl on a train journey.,"[{""name"": ""Shahid Kapoor"", ""character"": """"}, {""name"": ""Kareena Kapoor"", ""character"": """"}, {""name"": ""Tarun Arora"", ""character"": """"}]","[{""name"": ""Imtiaz Ali"", ""job"": ""Director""}]",7.9,138,2007-10-26,45.0,hi
90076,Rockstar,"[{""id"": 1, ""name"": ""Drama""}, {""id"": 2, ""name"": ""Music""}, {""id"": 3, ""name"": ""Romance""}]","[{""id"": 1, ""name"": ""musician""}, {""id"": 2, ""name"": ""heartbreak""}, {""id"": 3, ""name"": ""rebellion""}, {""id"": 4, ""name"": ""fame""}]",A college nobody transforms into a rockstar fueled by heartbreak and passion.,"[{""name"": ""Ranbir Kapoor"", ""character"": """"}, {""name"": ""Nargis Fakhri"", ""character"": """"}, {""name"": ""Shammi Kapoor"", ""character"": """"}]","[{""name"": ""Imtiaz Ali"", ""job"": ""Director""}]",7.2,159,2011-11-11,38.0,hi
90077,Tamasha,"[{""id"": 1, ""name"": ""Drama""}, {""id"": 2, ""name"": ""Romance""}]","[{""id"": 1, ""name"": ""story""}, {""id"": 2, ""name"": ""identity""}, {""id"": 3, ""name"": ""acting""}, {""id"": 4, ""name"": ""self-discovery""}]",A man must break free from the character he plays in life to find his true self.,"[{""name"": ""Ranbir Kapoor"", ""character"": """"}, {""name"": ""Deepika Padukone"", ""character"": """"}, {""name"": ""Javed Sheikh"", ""character"": """"}]","[{""name"": ""Imtiaz Ali"", ""job"": ""Director""}]",7.3,139,2015-11-27,32.0,hi
90078,Wake Up Sid,"[{""id"": 1, ""name"": ""Comedy""}, {""id"": 2, ""name"": ""Drama""}, {""id"": 3, ""name"": ""Romance""}]","[{""id"": 1, ""name"": ""coming-of-age""}, {""id"": 2, ""name"": ""mumbai""}, {""id"": 3, ""name"": ""independence""}, {""id"": 4, ""name"": ""friendship""}]",A spoilt rich kid finds direction after befriending an aspiring writer in Mumbai.,"[{""name"": ""Ranbir Kapoor"", ""character"": """"}, {""name"": ""Konkona Sen Sharma"", ""character"": """"}, {""name"": ""Anupam Kher"", ""character"": """"}]","[{""name"": ""Ayan Mukerji"", ""job"": ""Director""}]",7.4,138,2009-10-02,30.0,hi
90079,Yeh Jawaani Hai Deewani,"[{""id"": 1, ""name"": ""Comedy""}, {""id"": 2, ""name"": ""Drama""}, {""id"": 3, ""name"": ""Romance""}]","[{""id"": 1, ""name"": ""friendship""}, {""id"": 2, ""name"": ""travel""}, {""id"": 3, ""name"": ""wedding""}, {""id"": 4, ""name"": ""career""}]",Best friends reconnect years later at a wedding and rediscover their feelings.,"[{""name"": ""Ranbir Kapoor"", ""character"": """"}, {""name"": ""Deepika Padukone"", ""character"": """"}, {""name"": ""Aditya Roy Kapur"", ""character"": """"}]","[{""name"": ""Ayan Mukerji"", ""job"": ""Director""}]",7.2,160,2013-05-31,55.0,hi
90080,Luck By Chance,"[{""id"": 1, ""name"": ""Comedy""}, {""id"": 2, ""name"": ""Drama""}]","[{""id"": 1, ""name"": ""bollywood""}, {""id"": 2, ""name"": ""insider""}, {""id"": 3, ""name"": ""struggles""}, {""id"": 4, ""name"": ""ambition""}]",Two newcomers navigate the cutthroat world of Hindi film industry.,"[{""name"": ""Farhan Akhtar"", ""character"": """"}, {""name"": ""Konkona Sen Sharma"", ""character"": """"}, {""name"": ""Hrithik Roshan"", ""character"": """"}]","[{""name"": ""Zoya Akhtar"", ""job"": ""Director""}]",7.2,156,2009-01-30,22.0,hi
90081,Dhoom,"[{""id"": 1, ""name"": ""Action""}, {""id"": 2, ""name"": ""Crime""}, {""id"": 3, ""name"": ""Thriller""}]","[{""id"": 1, ""name"": ""heist""}, {""id"": 2, ""name"": ""motorcycle""}, {""id"": 3, ""name"": ""chase""}, {""id"": 4, ""name"": ""police""}]",A cop teams up with a street-smart biker to stop a gang of bike-riding robbers.,"[{""name"": ""John Abraham"", ""character"": """"}, {""name"": ""Abhishek Bachchan"", ""character"": """"}, {""name"": ""Uday Chopra"", ""character"": """"}]","[{""name"": ""Sanjay Gadhvi"", ""job"": ""Director""}]",6.8,127,2004-08-27,40.0,hi
90082,Don,"[{""id"": 1, ""name"": ""Action""}, {""id"": 2, ""name"": ""Crime""}, {""id"": 3, ""name"": ""Thriller""}]","[{""id"": 1, ""name"": ""crime-lord""}, {""id"": 2, ""name"": ""undercover""}, {""id"": 3, ""name"": ""suspense""}, {""id"": 4, ""name"": ""double-cross""}]",A look-alike replaces a crime lord in a dangerous undercover operation.,"[{""name"": ""Shah Rukh Khan"", ""character"": """"}, {""name"": ""Priyanka Chopra"", ""character"": """"}, {""name"": ""Arjun Rampal"", ""character"": """"}]","[{""name"": ""Farhan Akhtar"", ""job"": ""Director""}]",7.0,155,2006-10-20,42.0,hi
90083,Ghajini,"[{""id"": 1, ""name"": ""Action""}, {""id"": 2, ""name"": ""Mystery""}, {""id"": 3, ""name"": ""Thriller""}]","[{""id"": 1, ""name"": ""memory-loss""}, {""id"": 2, ""name"": ""revenge""}, {""id"": 3, ""name"": ""murder""}, {""id"": 4, ""name"": ""tattoo""}]",A businessman with short-term memory loss hunts for his girlfriend's killer.,"[{""name"": ""Aamir Khan"", ""character"": """"}, {""name"": ""Asin"", ""character"": """"}, {""name"": ""Jiah Khan"", ""character"": """"}]","[{""name"": ""A.R. Murugadoss"", ""job"": ""Director""}]",7.0,183,2008-12-25,48.0,hi
90084,Jodhaa Akbar,"[{""id"": 1, ""name"": ""Drama""}, {""id"": 2, ""name"": ""Romance""}]","[{""id"": 1, ""name"": ""mughal""}, {""id"": 2, ""name"": ""history""}, {""id"": 3, ""name"": ""love""}, {""id"": 4, ""name"": ""emperor""}]",The love story between Mughal Emperor Akbar and Rajput Princess Jodhaa.,"[{""name"": ""Hrithik Roshan"", ""character"": """"}, {""name"": ""Aishwarya Rai"", ""character"": """"}, {""name"": ""Sonu Sood"", ""character"": """"}]","[{""name"": ""Ashutosh Gowariker"", ""job"": ""Director""}]",7.5,213,2008-02-15,35.0,hi
90085,Agneepath,"[{""id"": 1, ""name"": ""Action""}, {""id"": 2, ""name"": ""Crime""}, {""id"": 3, ""name"": ""Drama""}]","[{""id"": 1, ""name"": ""revenge""}, {""id"": 2, ""name"": ""gangster""}, {""id"": 3, ""name"": ""childhood""}, {""id"": 4, ""name"": ""betrayal""}]",A young man sets out to avenge his father's death at the hands of a drug lord.,"[{""name"": ""Hrithik Roshan"", ""character"": """"}, {""name"": ""Sanjay Dutt"", ""character"": """"}, {""name"": ""Priyanka Chopra"", ""character"": """"}]","[{""name"": ""Karan Malhotra"", ""job"": ""Director""}]",6.8,174,2012-01-26,35.0,hi
90086,Mary Kom,"[{""id"": 1, ""name"": ""Biography""}, {""id"": 2, ""name"": ""Drama""}, {""id"": 3, ""name"": ""Sport""}]","[{""id"": 1, ""name"": ""boxing""}, {""id"": 2, ""name"": ""champion""}, {""id"": 3, ""name"": ""motherhood""}, {""id"": 4, ""name"": ""biography""}]",The inspiring story of Indian boxing champion Mary Kom.,"[{""name"": ""Priyanka Chopra"", ""character"": """"}, {""name"": ""Darshan Kumar"", ""character"": """"}, {""name"": ""Sunil Thapa"", ""character"": """"}]","[{""name"": ""Omung Kumar"", ""job"": ""Director""}]",6.8,122,2014-09-05,28.0,hi
90087,Rustom,"[{""id"": 1, ""name"": ""Crime""}, {""id"": 2, ""name"": ""Drama""}, {""id"": 3, ""name"": ""Thriller""}]","[{""id"": 1, ""name"": ""navy""}, {""id"": 2, ""name"": ""murder""}, {""id"": 3, ""name"": ""trial""}, {""id"": 4, ""name"": ""honor""}]",A naval officer is tried for the murder of his wife's lover.,"[{""name"": ""Akshay Kumar"", ""character"": """"}, {""name"": ""Ileana D'Cruz"", ""character"": """"}, {""name"": ""Esha Gupta"", ""character"": """"}]","[{""name"": ""Tinu Suresh Desai"", ""job"": ""Director""}]",6.5,148,2016-08-12,32.0,hi
90088,Gold,"[{""id"": 1, ""name"": ""Drama""}, {""id"": 2, ""name"": ""Sport""}]","[{""id"": 1, ""name"": ""hockey""}, {""id"": 2, ""name"": ""independence""}, {""id"": 3, ""name"": ""olympics""}, {""id"": 4, ""name"": ""patriotism""}]",The story of India's first Olympic gold medal as a free nation.,"[{""name"": ""Akshay Kumar"", ""character"": """"}, {""name"": ""Mouni Roy"", ""character"": """"}, {""name"": ""Kunal Kapoor"", ""character"": """"}]","[{""name"": ""Reema Kagti"", ""job"": ""Director""}]",6.2,153,2018-08-15,30.0,hi
90089,Mission Mangal,"[{""id"": 1, ""name"": ""Drama""}]","[{""id"": 1, ""name"": ""space""}, {""id"": 2, ""name"": ""isro""}, {""id"": 3, ""name"": ""mars-mission""}, {""id"": 4, ""name"": ""women-scientists""}]",The incredible true story of India's Mars Orbiter Mission.,"[{""name"": ""Akshay Kumar"", ""character"": """"}, {""name"": ""Vidya Balan"", ""character"": """"}, {""name"": ""Sonakshi Sinha"", ""character"": """"}]","[{""name"": ""Jagan Shakti"", ""job"": ""Director""}]",6.5,130,2019-08-15,35.0,hi
90090,Kesari,"[{""id"": 1, ""name"": ""Action""}, {""id"": 2, ""name"": ""Drama""}, {""id"": 3, ""name"": ""War""}]","[{""id"": 1, ""name"": ""battle""}, {""id"": 2, ""name"": ""sikh""}, {""id"": 3, ""name"": ""colonial""}, {""id"": 4, ""name"": ""bravery""}]","The story of 21 Sikh soldiers who fought against 10,000 Afghan invaders.","[{""name"": ""Akshay Kumar"", ""character"": """"}, {""name"": ""Parineeti Chopra"", ""character"": """"}, {""name"": ""Mir Sarwar"", ""character"": """"}]","[{""name"": ""Anurag Singh"", ""job"": ""Director""}]",7.2,150,2019-03-21,38.0,hi
90091,Badla,"[{""id"": 1, ""name"": ""Crime""}, {""id"": 2, ""name"": ""Mystery""}, {""id"": 3, ""name"": ""Thriller""}]","[{""id"": 1, ""name"": ""locked-room""}, {""id"": 2, ""name"": ""murder""}, {""id"": 3, ""name"": ""investigation""}, {""id"": 4, ""name"": ""twist""}]",A woman hires a lawyer to help prove her innocence in a murder case.,"[{""name"": ""Amitabh Bachchan"", ""character"": """"}, {""name"": ""Taapsee Pannu"", ""character"": """"}, {""name"": ""Tony Luke"", ""character"": """"}]","[{""name"": ""Sujoy Ghosh"", ""job"": ""Director""}]",7.7,118,2019-03-08,32.0,hi
90092,Pink,"[{""id"": 1, ""name"": ""Drama""}, {""id"": 2, ""name"": ""Thriller""}]","[{""id"": 1, ""name"": ""consent""}, {""id"": 2, ""name"": ""legal""}, {""id"": 3, ""name"": ""women-rights""}, {""id"": 4, ""name"": ""justice""}]",Three young women face a legal battle after a night out goes wrong.,"[{""name"": ""Amitabh Bachchan"", ""character"": """"}, {""name"": ""Taapsee Pannu"", ""character"": """"}, {""name"": ""Kirti Kulhari"", ""character"": """"}]","[{""name"": ""Aniruddha Roy Chowdhury"", ""job"": ""Director""}]",8.0,136,2016-09-16,38.0,hi
90093,Trapped,"[{""id"": 1, ""name"": ""Drama""}, {""id"": 2, ""name"": ""Thriller""}]","[{""id"": 1, ""name"": ""survival""}, {""id"": 2, ""name"": ""apartment""}, {""id"": 3, ""name"": ""isolated""}, {""id"": 4, ""name"": ""urban""}]","A young man gets trapped in a high-rise apartment with no food, water, or electricity.","[{""name"": ""Rajkummar Rao"", ""character"": """"}, {""name"": ""Geetanjali Thapa"", ""character"": """"}, {""name"": ""Sachi"", ""character"": """"}]","[{""name"": ""Vikramaditya Motwane"", ""job"": ""Director""}]",7.2,105,2017-03-17,18.0,hi
90094,Newton,"[{""id"": 1, ""name"": ""Comedy""}, {""id"": 2, ""name"": ""Drama""}]","[{""id"": 1, ""name"": ""election""}, {""id"": 2, ""name"": ""democracy""}, {""id"": 3, ""name"": ""jungle""}, {""id"": 4, ""name"": ""idealism""}]",An idealistic government clerk is sent to conduct elections in a conflict-ridden jungle.,"[{""name"": ""Rajkummar Rao"", ""character"": """"}, {""name"": ""Pankaj Tripathi"", ""character"": """"}, {""name"": ""Anjali Patil"", ""character"": """"}]","[{""name"": ""Amit V Masurkar"", ""job"": ""Director""}]",7.8,106,2017-09-22,28.0,hi
90095,Bareilly Ki Barfi,"[{""id"": 1, ""name"": ""Comedy""}, {""id"": 2, ""name"": ""Romance""}]","[{""id"": 1, ""name"": ""love-triangle""}, {""id"": 2, ""name"": ""small-town""}, {""id"": 3, ""name"": ""identity""}, {""id"": 4, ""name"": ""fiction""}]",A girl discovers a book that mirrors her life and falls for its apparent author.,"[{""name"": ""Ayushmann Khurrana"", ""character"": """"}, {""name"": ""Rajkummar Rao"", ""character"": """"}, {""name"": ""Kriti Sanon"", ""character"": """"}]","[{""name"": ""Ashwiny Iyer Tiwari"", ""job"": ""Director""}]",7.2,116,2017-08-18,28.0,hi
90096,Kai Po Che!,"[{""id"": 1, ""name"": ""Drama""}]","[{""id"": 1, ""name"": ""friendship""}, {""id"": 2, ""name"": ""cricket""}, {""id"": 3, ""name"": ""riots""}, {""id"": 4, ""name"": ""politics""}]",Three friends start a cricket academy in Gujarat but are torn apart by communal riots.,"[{""name"": ""Sushant Singh Rajput"", ""character"": """"}, {""name"": ""Rajkummar Rao"", ""character"": """"}, {""name"": ""Amit Sadh"", ""character"": """"}]","[{""name"": ""Abhishek Kapoor"", ""job"": ""Director""}]",7.5,120,2013-02-22,25.0,hi
90097,M.S. Dhoni: The Untold Story,"[{""id"": 1, ""name"": ""Biography""}, {""id"": 2, ""name"": ""Drama""}, {""id"": 3, ""name"": ""Sport""}]","[{""id"": 1, ""name"": ""cricket""}, {""id"": 2, ""name"": ""captain""}, {""id"": 3, ""name"": ""biography""}, {""id"": 4, ""name"": ""determination""}]",The biographical tale of Indian cricket captain Mahendra Singh Dhoni.,"[{""name"": ""Sushant Singh Rajput"", ""character"": """"}, {""name"": ""Disha Patani"", ""character"": """"}, {""name"": ""Kiara Advani"", ""character"": """"}]","[{""name"": ""Neeraj Pandey"", ""job"": ""Director""}]",7.8,184,2016-09-30,45.0,hi
90098,Raees,"[{""id"": 1, ""name"": ""Action""}, {""id"": 2, ""name"": ""Crime""}, {""id"": 3, ""name"": ""Thriller""}]","[{""id"": 1, ""name"": ""bootlegger""}, {""id"": 2, ""name"": ""liquor""}, {""id"": 3, ""name"": ""gang""}, {""id"": 4, ""name"": ""police""}]",A bootlegger builds an empire while being pursued by a determined cop.,"[{""name"": ""Shah Rukh Khan"", ""character"": """"}, {""name"": ""Nawazuddin Siddiqui"", ""character"": """"}, {""name"": ""Mahira Khan"", ""character"": """"}]","[{""name"": ""Rahul Dholakia"", ""job"": ""Director""}]",6.5,143,2017-01-25,40.0,hi
90099,Fan,"[{""id"": 1, ""name"": ""Drama""}, {""id"": 2, ""name"": ""Thriller""}]","[{""id"": 1, ""name"": ""superfan""}, {""id"": 2, ""name"": ""obsession""}, {""id"": 3, ""name"": ""identity""}, {""id"": 4, ""name"": ""celebrity""}]",A superfan's obsession with a movie star takes a dangerous turn.,"[{""name"": ""Shah Rukh Khan"", ""character"": """"}, {""name"": ""Waluscha De Sousa"", ""character"": """"}, {""name"": ""Sayani Gupta"", ""character"": """"}]","[{""name"": ""Maneesh Sharma"", ""job"": ""Director""}]",6.8,138,2016-04-15,32.0,hi
90100,Dear Zindagi,"[{""id"": 1, ""name"": ""Drama""}]","[{""id"": 1, ""name"": ""therapy""}, {""id"": 2, ""name"": ""self-discovery""}, {""id"": 3, ""name"": ""depression""}, {""id"": 4, ""name"": ""empowerment""}]",A young filmmaker seeks help from a therapist to sort out her troubled life.,"[{""name"": ""Shah Rukh Khan"", ""character"": """"}, {""name"": ""Alia Bhatt"", ""character"": """"}, {""name"": ""Kunal Kapoor"", ""character"": """"}]","[{""name"": ""Gauri Shinde"", ""job"": ""Director""}]",7.5,151,2016-11-25,38.0,hi
90136,KGF: Chapter 1,"[{""id"": 1, ""name"": ""Action""}, {""id"": 2, ""name"": ""Drama""}]","[{""id"": 1, ""name"": ""gold""}, {""id"": 2, ""name"": ""mines""}, {""id"": 3, ""name"": ""gangster""}, {""id"": 4, ""name"": ""rise""}]",A young man rises from poverty to become the king of a gold mining empire.,"[{""name"": ""Yash"", ""character"": """"}, {""name"": ""Srinidhi Shetty"", ""character"": """"}, {""name"": ""Ramachandra Raju"", ""character"": """"}]","[{""name"": ""Prashanth Neel"", ""job"": ""Director""}]",7.8,156,2018-12-21,55.0,kn
90137,KGF: Chapter 2,"[{""id"": 1, ""name"": ""Action""}, {""id"": 2, ""name"": ""Drama""}, {""id"": 3, ""name"": ""Thriller""}]","[{""id"": 1, ""name"": ""gold""}, {""id"": 2, ""name"": ""mines""}, {""id"": 3, ""name"": ""power""}, {""id"": 4, ""name"": ""empire""}]",Rocky's reign over the gold mines is challenged by powerful adversaries.,"[{""name"": ""Yash"", ""character"": """"}, {""name"": ""Sanjay Dutt"", ""character"": """"}, {""name"": ""Raveena Tandon"", ""character"": """"}]","[{""name"": ""Prashanth Neel"", ""job"": ""Director""}]",7.5,168,2022-04-14,70.0,kn
